project_folder,run_number,material,reference_image_path,render_image_path,tectonic_framework,facade_potential,material_specificity,average_score,improvement_target,improvement_proposal,total_iterations
R01_clay,0,clay,c:\Users\marcr\OneDrive\Documentos\00_MarcRibert\8_Programming\01_Github\MAS_LLM_Workshop_25\experiment_dms26_baseline\_reference_images\R01.jpg,c:\Users\marcr\OneDrive\Documentos\00_MarcRibert\8_Programming\01_Github\MAS_LLM_Workshop_25\experiment_dms26_baseline\R01_clay\00_render.png,2,4,2,2.67,design_concept,"Refocus the design task around a specific clay tectonic: a terracotta baguette rainscreen over a backup wall, with clear dimensions, layering, and assembly logic that the modeling agent must script.

- System + parameters (with ranges): Terracotta baguette rainscreen on horizontal rails over a flat backup wall (no through-voids). Define: floor_height (2.8–3.6 m), bay_width (1.2–1.8 m), total_width/height, depth_total (200–350 mm), depth_backing (100–150 mm), baguette_w (40–80 mm), baguette_d (40–120 mm), baguette_c2c (80–160 mm), vertical_gap (8–12 mm), rail_z_pitch (400–800 mm), edge_margin (120–200 mm), reveal_depth (30–80 mm). Require a continuous backup plane at Y=0 and all clay units extruded along +Y to depth_total; shadow gap at perimeter (15–20 mm).
- Step-by-step facade composition: (1) Subdivide width into equal bays by bay_width; subdivide height by floor_height (express floor-to-floor). (2) Create backup wall (XZ rectangle) and extrude to depth_backing. (3) For each floor and bay, place horizontal rail curves at z = base+rail_z_pitch increments; array vertical hollow baguettes (section rectangle baguette_w×baguette_d) from z=plinth_top to z=floor_slab_bottom−30 mm; clamp count = floor((bay_clear−2×edge_margin+vertical_gap)/(baguette_w+vertical_gap)). (4) Define window bands per floor (e.g., sill_z=0.9–1.1 m, head_z=2.0–2.2 m): within those bands, remove baguettes or increase baguette_c2c to target a 0.35–0.65 solid-to-void; add framed reveals (reveal_depth) and spandrel tiles (t=30 mm) above/below. (5) Add a 600 mm plinth zone with solid ribbed terracotta tiles and a 150–250 mm top cornice by increasing baguette_d by 20–40 mm in the top strip.
- Constraints that cue clay materiality: Enforce joints/gaps (8–12 mm) visibly between units; stop baguettes 30 mm short of bay edges for a shadow gap; insert a 15 mm vertical expansion joint every 6–8 m (after N bays). Prevent full-depth perforations (backing wall always present); cap baguette ends with 3–5 mm chamfers/fillets. Validate ranges: baguette_c2c ≥ baguette_w+8; window widths ≥ 0.6 m and heights 0.9–1.4 m; rail_z_pitch divides floor_height with ≤200 mm remainder.",7
R01_clay,1,clay,c:\Users\marcr\OneDrive\Documentos\00_MarcRibert\8_Programming\01_Github\MAS_LLM_Workshop_25\experiment_dms26_baseline\_reference_images\R01.jpg,c:\Users\marcr\OneDrive\Documentos\00_MarcRibert\8_Programming\01_Github\MAS_LLM_Workshop_25\experiment_dms26_baseline\R01_clay\01_render.png,2,4,2,2.67,design_concept,"Refocus the design task around a specific clay tectonic: a terracotta baguette rainscreen over a backup wall, with clear dimensions, layering, and assembly logic that the modeling agent must script.

- System + parameters (with ranges): Terracotta baguette rainscreen on horizontal rails over a flat backup wall (no through-voids). Define: floor_height (2.8–3.6 m), bay_width (1.2–1.8 m), total_width/height, depth_total (200–350 mm), depth_backing (100–150 mm), baguette_w (40–80 mm), baguette_d (40–120 mm), baguette_c2c (80–160 mm), vertical_gap (8–12 mm), rail_z_pitch (400–800 mm), edge_margin (120–200 mm), reveal_depth (30–80 mm). Require a continuous backup plane at Y=0 and all clay units extruded along +Y to depth_total; shadow gap at perimeter (15–20 mm).
- Step-by-step facade composition: (1) Subdivide width into equal bays by bay_width; subdivide height by floor_height (express floor-to-floor). (2) Create backup wall (XZ rectangle) and extrude to depth_backing. (3) For each floor and bay, place horizontal rail curves at z = base+rail_z_pitch increments; array vertical hollow baguettes (section rectangle baguette_w×baguette_d) from z=plinth_top to z=floor_slab_bottom−30 mm; clamp count = floor((bay_clear−2×edge_margin+vertical_gap)/(baguette_w+vertical_gap)). (4) Define window bands per floor (e.g., sill_z=0.9–1.1 m, head_z=2.0–2.2 m): within those bands, remove baguettes or increase baguette_c2c to target a 0.35–0.65 solid-to-void; add framed reveals (reveal_depth) and spandrel tiles (t=30 mm) above/below. (5) Add a 600 mm plinth zone with solid ribbed terracotta tiles and a 150–250 mm top cornice by increasing baguette_d by 20–40 mm in the top strip.
- Constraints that cue clay materiality: Enforce joints/gaps (8–12 mm) visibly between units; stop baguettes 30 mm short of bay edges for a shadow gap; insert a 15 mm vertical expansion joint every 6–8 m (after N bays). Prevent full-depth perforations (backing wall always present); cap baguette ends with 3–5 mm chamfers/fillets. Validate ranges: baguette_c2c ≥ baguette_w+8; window widths ≥ 0.6 m and heights 0.9–1.4 m; rail_z_pitch divides floor_height with ≤200 mm remainder.",7
R01_clay,2,clay,c:\Users\marcr\OneDrive\Documentos\00_MarcRibert\8_Programming\01_Github\MAS_LLM_Workshop_25\experiment_dms26_baseline\_reference_images\R01.jpg,c:\Users\marcr\OneDrive\Documentos\00_MarcRibert\8_Programming\01_Github\MAS_LLM_Workshop_25\experiment_dms26_baseline\R01_clay\02_render.png,2,4,2,2.67,design_concept,"Refocus the design task around a specific clay tectonic: a terracotta baguette rainscreen over a backup wall, with clear dimensions, layering, and assembly logic that the modeling agent must script.

- System + parameters (with ranges): Terracotta baguette rainscreen on horizontal rails over a flat backup wall (no through-voids). Define: floor_height (2.8–3.6 m), bay_width (1.2–1.8 m), total_width/height, depth_total (200–350 mm), depth_backing (100–150 mm), baguette_w (40–80 mm), baguette_d (40–120 mm), baguette_c2c (80–160 mm), vertical_gap (8–12 mm), rail_z_pitch (400–800 mm), edge_margin (120–200 mm), reveal_depth (30–80 mm). Require a continuous backup plane at Y=0 and all clay units extruded along +Y to depth_total; shadow gap at perimeter (15–20 mm).
- Step-by-step facade composition: (1) Subdivide width into equal bays by bay_width; subdivide height by floor_height (express floor-to-floor). (2) Create backup wall (XZ rectangle) and extrude to depth_backing. (3) For each floor and bay, place horizontal rail curves at z = base+rail_z_pitch increments; array vertical hollow baguettes (section rectangle baguette_w×baguette_d) from z=plinth_top to z=floor_slab_bottom−30 mm; clamp count = floor((bay_clear−2×edge_margin+vertical_gap)/(baguette_w+vertical_gap)). (4) Define window bands per floor (e.g., sill_z=0.9–1.1 m, head_z=2.0–2.2 m): within those bands, remove baguettes or increase baguette_c2c to target a 0.35–0.65 solid-to-void; add framed reveals (reveal_depth) and spandrel tiles (t=30 mm) above/below. (5) Add a 600 mm plinth zone with solid ribbed terracotta tiles and a 150–250 mm top cornice by increasing baguette_d by 20–40 mm in the top strip.
- Constraints that cue clay materiality: Enforce joints/gaps (8–12 mm) visibly between units; stop baguettes 30 mm short of bay edges for a shadow gap; insert a 15 mm vertical expansion joint every 6–8 m (after N bays). Prevent full-depth perforations (backing wall always present); cap baguette ends with 3–5 mm chamfers/fillets. Validate ranges: baguette_c2c ≥ baguette_w+8; window widths ≥ 0.6 m and heights 0.9–1.4 m; rail_z_pitch divides floor_height with ≤200 mm remainder.",7
R01_clay,3,clay,c:\Users\marcr\OneDrive\Documentos\00_MarcRibert\8_Programming\01_Github\MAS_LLM_Workshop_25\experiment_dms26_baseline\_reference_images\R01.jpg,c:\Users\marcr\OneDrive\Documentos\00_MarcRibert\8_Programming\01_Github\MAS_LLM_Workshop_25\experiment_dms26_baseline\R01_clay\03_render.png,2,4,2,2.67,design_concept,"Refocus the design task around a specific clay tectonic: a terracotta baguette rainscreen over a backup wall, with clear dimensions, layering, and assembly logic that the modeling agent must script.

- System + parameters (with ranges): Terracotta baguette rainscreen on horizontal rails over a flat backup wall (no through-voids). Define: floor_height (2.8–3.6 m), bay_width (1.2–1.8 m), total_width/height, depth_total (200–350 mm), depth_backing (100–150 mm), baguette_w (40–80 mm), baguette_d (40–120 mm), baguette_c2c (80–160 mm), vertical_gap (8–12 mm), rail_z_pitch (400–800 mm), edge_margin (120–200 mm), reveal_depth (30–80 mm). Require a continuous backup plane at Y=0 and all clay units extruded along +Y to depth_total; shadow gap at perimeter (15–20 mm).
- Step-by-step facade composition: (1) Subdivide width into equal bays by bay_width; subdivide height by floor_height (express floor-to-floor). (2) Create backup wall (XZ rectangle) and extrude to depth_backing. (3) For each floor and bay, place horizontal rail curves at z = base+rail_z_pitch increments; array vertical hollow baguettes (section rectangle baguette_w×baguette_d) from z=plinth_top to z=floor_slab_bottom−30 mm; clamp count = floor((bay_clear−2×edge_margin+vertical_gap)/(baguette_w+vertical_gap)). (4) Define window bands per floor (e.g., sill_z=0.9–1.1 m, head_z=2.0–2.2 m): within those bands, remove baguettes or increase baguette_c2c to target a 0.35–0.65 solid-to-void; add framed reveals (reveal_depth) and spandrel tiles (t=30 mm) above/below. (5) Add a 600 mm plinth zone with solid ribbed terracotta tiles and a 150–250 mm top cornice by increasing baguette_d by 20–40 mm in the top strip.
- Constraints that cue clay materiality: Enforce joints/gaps (8–12 mm) visibly between units; stop baguettes 30 mm short of bay edges for a shadow gap; insert a 15 mm vertical expansion joint every 6–8 m (after N bays). Prevent full-depth perforations (backing wall always present); cap baguette ends with 3–5 mm chamfers/fillets. Validate ranges: baguette_c2c ≥ baguette_w+8; window widths ≥ 0.6 m and heights 0.9–1.4 m; rail_z_pitch divides floor_height with ≤200 mm remainder.",7
R01_clay,4,clay,c:\Users\marcr\OneDrive\Documentos\00_MarcRibert\8_Programming\01_Github\MAS_LLM_Workshop_25\experiment_dms26_baseline\_reference_images\R01.jpg,c:\Users\marcr\OneDrive\Documentos\00_MarcRibert\8_Programming\01_Github\MAS_LLM_Workshop_25\experiment_dms26_baseline\R01_clay\04_render.png,2,4,2,2.67,design_concept,"Refocus the design task around a specific clay tectonic: a terracotta baguette rainscreen over a backup wall, with clear dimensions, layering, and assembly logic that the modeling agent must script.

- System + parameters (with ranges): Terracotta baguette rainscreen on horizontal rails over a flat backup wall (no through-voids). Define: floor_height (2.8–3.6 m), bay_width (1.2–1.8 m), total_width/height, depth_total (200–350 mm), depth_backing (100–150 mm), baguette_w (40–80 mm), baguette_d (40–120 mm), baguette_c2c (80–160 mm), vertical_gap (8–12 mm), rail_z_pitch (400–800 mm), edge_margin (120–200 mm), reveal_depth (30–80 mm). Require a continuous backup plane at Y=0 and all clay units extruded along +Y to depth_total; shadow gap at perimeter (15–20 mm).
- Step-by-step facade composition: (1) Subdivide width into equal bays by bay_width; subdivide height by floor_height (express floor-to-floor). (2) Create backup wall (XZ rectangle) and extrude to depth_backing. (3) For each floor and bay, place horizontal rail curves at z = base+rail_z_pitch increments; array vertical hollow baguettes (section rectangle baguette_w×baguette_d) from z=plinth_top to z=floor_slab_bottom−30 mm; clamp count = floor((bay_clear−2×edge_margin+vertical_gap)/(baguette_w+vertical_gap)). (4) Define window bands per floor (e.g., sill_z=0.9–1.1 m, head_z=2.0–2.2 m): within those bands, remove baguettes or increase baguette_c2c to target a 0.35–0.65 solid-to-void; add framed reveals (reveal_depth) and spandrel tiles (t=30 mm) above/below. (5) Add a 600 mm plinth zone with solid ribbed terracotta tiles and a 150–250 mm top cornice by increasing baguette_d by 20–40 mm in the top strip.
- Constraints that cue clay materiality: Enforce joints/gaps (8–12 mm) visibly between units; stop baguettes 30 mm short of bay edges for a shadow gap; insert a 15 mm vertical expansion joint every 6–8 m (after N bays). Prevent full-depth perforations (backing wall always present); cap baguette ends with 3–5 mm chamfers/fillets. Validate ranges: baguette_c2c ≥ baguette_w+8; window widths ≥ 0.6 m and heights 0.9–1.4 m; rail_z_pitch divides floor_height with ≤200 mm remainder.",7
R01_concrete,0,concrete,c:\Users\marcr\OneDrive\Documentos\00_MarcRibert\8_Programming\01_Github\MAS_LLM_Workshop_25\experiment_dms26_baseline\_reference_images\R01.jpg,c:\Users\marcr\OneDrive\Documentos\00_MarcRibert\8_Programming\01_Github\MAS_LLM_Workshop_25\experiment_dms26_baseline\R01_concrete\00_render.png,2,3,4,3.0,design_concept,"- Lock the facade to a concrete-specific system and dimensions: precast ribbed panelization with base panel = 1.2 m (X) × 3.6 m (Z) × 150 mm (Y depth). Joints = 20 mm; edge chamfer = 10 mm; reveals = 40 mm deep at 300 mm c/c; optional tie-holes = Ø25–50 mm on a 600 × 600 mm grid; spandrel bands at each floor thickened to 200–250 mm. Provide ranges: panel width 0.9–1.5 m, thickness 120–200 mm, reveal depth 15–50 mm, joint 10–25 mm, tie-hole spacing 450–900 mm.
- Replace randomness with constructible rules: subdivide X by panel width and Z by floor-to-floor (e.g., 3.6 m). Openings must be whole-panel multiples with min pier = 0.6 m; reserve a ground-level entry bay of 2–3 panels; enforce perimeter frame (≥0.6 m returns) and continuous load paths (no isolated pixels; lintels/spandrels continuous across openings). Define vertical pilasters every 2.4–3.6 m and window bays as panel count patterns per floor.
- Write step-by-step modeling instructions tied to axes (X horizontal, Z vertical, Y depth): 1) Generate facade boundary and grid by panel width × floor height; 2) Create base panel Breps, place 20 mm joints; 3) Boolean reveals and tie-holes; 4) Apply 10 mm edge chamfers; 5) Add spandrels/pilasters by thickening designated rows/columns; 6) Cut openings only by removing full panels, then trim with continuous lintel/spandrel geometry. Expose all listed parameters for control.",1
R01_concrete,1,concrete,c:\Users\marcr\OneDrive\Documentos\00_MarcRibert\8_Programming\01_Github\MAS_LLM_Workshop_25\experiment_dms26_baseline\_reference_images\R01.jpg,c:\Users\marcr\OneDrive\Documentos\00_MarcRibert\8_Programming\01_Github\MAS_LLM_Workshop_25\experiment_dms26_baseline\R01_concrete\01_render.png,2,3,4,3.0,design_concept,"- Lock the facade to a concrete-specific system and dimensions: precast ribbed panelization with base panel = 1.2 m (X) × 3.6 m (Z) × 150 mm (Y depth). Joints = 20 mm; edge chamfer = 10 mm; reveals = 40 mm deep at 300 mm c/c; optional tie-holes = Ø25–50 mm on a 600 × 600 mm grid; spandrel bands at each floor thickened to 200–250 mm. Provide ranges: panel width 0.9–1.5 m, thickness 120–200 mm, reveal depth 15–50 mm, joint 10–25 mm, tie-hole spacing 450–900 mm.
- Replace randomness with constructible rules: subdivide X by panel width and Z by floor-to-floor (e.g., 3.6 m). Openings must be whole-panel multiples with min pier = 0.6 m; reserve a ground-level entry bay of 2–3 panels; enforce perimeter frame (≥0.6 m returns) and continuous load paths (no isolated pixels; lintels/spandrels continuous across openings). Define vertical pilasters every 2.4–3.6 m and window bays as panel count patterns per floor.
- Write step-by-step modeling instructions tied to axes (X horizontal, Z vertical, Y depth): 1) Generate facade boundary and grid by panel width × floor height; 2) Create base panel Breps, place 20 mm joints; 3) Boolean reveals and tie-holes; 4) Apply 10 mm edge chamfers; 5) Add spandrels/pilasters by thickening designated rows/columns; 6) Cut openings only by removing full panels, then trim with continuous lintel/spandrel geometry. Expose all listed parameters for control.",1
R01_concrete,2,concrete,c:\Users\marcr\OneDrive\Documentos\00_MarcRibert\8_Programming\01_Github\MAS_LLM_Workshop_25\experiment_dms26_baseline\_reference_images\R01.jpg,c:\Users\marcr\OneDrive\Documentos\00_MarcRibert\8_Programming\01_Github\MAS_LLM_Workshop_25\experiment_dms26_baseline\R01_concrete\02_render.png,2,3,4,3.0,design_concept,"- Lock the facade to a concrete-specific system and dimensions: precast ribbed panelization with base panel = 1.2 m (X) × 3.6 m (Z) × 150 mm (Y depth). Joints = 20 mm; edge chamfer = 10 mm; reveals = 40 mm deep at 300 mm c/c; optional tie-holes = Ø25–50 mm on a 600 × 600 mm grid; spandrel bands at each floor thickened to 200–250 mm. Provide ranges: panel width 0.9–1.5 m, thickness 120–200 mm, reveal depth 15–50 mm, joint 10–25 mm, tie-hole spacing 450–900 mm.
- Replace randomness with constructible rules: subdivide X by panel width and Z by floor-to-floor (e.g., 3.6 m). Openings must be whole-panel multiples with min pier = 0.6 m; reserve a ground-level entry bay of 2–3 panels; enforce perimeter frame (≥0.6 m returns) and continuous load paths (no isolated pixels; lintels/spandrels continuous across openings). Define vertical pilasters every 2.4–3.6 m and window bays as panel count patterns per floor.
- Write step-by-step modeling instructions tied to axes (X horizontal, Z vertical, Y depth): 1) Generate facade boundary and grid by panel width × floor height; 2) Create base panel Breps, place 20 mm joints; 3) Boolean reveals and tie-holes; 4) Apply 10 mm edge chamfers; 5) Add spandrels/pilasters by thickening designated rows/columns; 6) Cut openings only by removing full panels, then trim with continuous lintel/spandrel geometry. Expose all listed parameters for control.",1
R01_concrete,3,concrete,c:\Users\marcr\OneDrive\Documentos\00_MarcRibert\8_Programming\01_Github\MAS_LLM_Workshop_25\experiment_dms26_baseline\_reference_images\R01.jpg,c:\Users\marcr\OneDrive\Documentos\00_MarcRibert\8_Programming\01_Github\MAS_LLM_Workshop_25\experiment_dms26_baseline\R01_concrete\03_render.png,2,3,4,3.0,design_concept,"- Lock the facade to a concrete-specific system and dimensions: precast ribbed panelization with base panel = 1.2 m (X) × 3.6 m (Z) × 150 mm (Y depth). Joints = 20 mm; edge chamfer = 10 mm; reveals = 40 mm deep at 300 mm c/c; optional tie-holes = Ø25–50 mm on a 600 × 600 mm grid; spandrel bands at each floor thickened to 200–250 mm. Provide ranges: panel width 0.9–1.5 m, thickness 120–200 mm, reveal depth 15–50 mm, joint 10–25 mm, tie-hole spacing 450–900 mm.
- Replace randomness with constructible rules: subdivide X by panel width and Z by floor-to-floor (e.g., 3.6 m). Openings must be whole-panel multiples with min pier = 0.6 m; reserve a ground-level entry bay of 2–3 panels; enforce perimeter frame (≥0.6 m returns) and continuous load paths (no isolated pixels; lintels/spandrels continuous across openings). Define vertical pilasters every 2.4–3.6 m and window bays as panel count patterns per floor.
- Write step-by-step modeling instructions tied to axes (X horizontal, Z vertical, Y depth): 1) Generate facade boundary and grid by panel width × floor height; 2) Create base panel Breps, place 20 mm joints; 3) Boolean reveals and tie-holes; 4) Apply 10 mm edge chamfers; 5) Add spandrels/pilasters by thickening designated rows/columns; 6) Cut openings only by removing full panels, then trim with continuous lintel/spandrel geometry. Expose all listed parameters for control.",1
R01_concrete,4,concrete,c:\Users\marcr\OneDrive\Documentos\00_MarcRibert\8_Programming\01_Github\MAS_LLM_Workshop_25\experiment_dms26_baseline\_reference_images\R01.jpg,c:\Users\marcr\OneDrive\Documentos\00_MarcRibert\8_Programming\01_Github\MAS_LLM_Workshop_25\experiment_dms26_baseline\R01_concrete\04_render.png,2,3,4,3.0,design_concept,"- Lock the facade to a concrete-specific system and dimensions: precast ribbed panelization with base panel = 1.2 m (X) × 3.6 m (Z) × 150 mm (Y depth). Joints = 20 mm; edge chamfer = 10 mm; reveals = 40 mm deep at 300 mm c/c; optional tie-holes = Ø25–50 mm on a 600 × 600 mm grid; spandrel bands at each floor thickened to 200–250 mm. Provide ranges: panel width 0.9–1.5 m, thickness 120–200 mm, reveal depth 15–50 mm, joint 10–25 mm, tie-hole spacing 450–900 mm.
- Replace randomness with constructible rules: subdivide X by panel width and Z by floor-to-floor (e.g., 3.6 m). Openings must be whole-panel multiples with min pier = 0.6 m; reserve a ground-level entry bay of 2–3 panels; enforce perimeter frame (≥0.6 m returns) and continuous load paths (no isolated pixels; lintels/spandrels continuous across openings). Define vertical pilasters every 2.4–3.6 m and window bays as panel count patterns per floor.
- Write step-by-step modeling instructions tied to axes (X horizontal, Z vertical, Y depth): 1) Generate facade boundary and grid by panel width × floor height; 2) Create base panel Breps, place 20 mm joints; 3) Boolean reveals and tie-holes; 4) Apply 10 mm edge chamfers; 5) Add spandrels/pilasters by thickening designated rows/columns; 6) Cut openings only by removing full panels, then trim with continuous lintel/spandrel geometry. Expose all listed parameters for control.",1
R01_metal,0,metal,c:\Users\marcr\OneDrive\Documentos\00_MarcRibert\8_Programming\01_Github\MAS_LLM_Workshop_25\experiment_dms26_baseline\_reference_images\R01.jpg,c:\Users\marcr\OneDrive\Documentos\00_MarcRibert\8_Programming\01_Github\MAS_LLM_Workshop_25\experiment_dms26_baseline\R01_metal\00_render.png,2,2,4,2.67,design_concept,"Adopt a metal cassette rainscreen system and encode metal-specific dimensions/constraints: modules 0.6–1.2 m (w) x 0.9–1.8 m (h); 12–18 mm vertical/horizontal reveals; 20–40 mm hemmed returns with 3 mm bend radius; cassette depths 40/60/90 mm; subframe rails (Z) at 600 mm c/c with 30 mm-wide vertical T/L profiles; window bays set within modules with 80–120 mm shadow-box depth.

Translate into explicit, stepwise geometry for the modeling agent: on XZ, lay out an overall facade frame and a panel grid (x_count≥5, y_count≥4). For each module: draw outer rectangle, offset in by (reveal + return), create face; extrude face to cassette depth, model returns as perimeter offset strip extruded back; fillet outer edges to 3 mm; leave 12–18 mm gaps as reveals. Place subframe rails behind reveals as continuous vertical members. In selected modules (e.g., 40–60%), cut a centered opening sized 0.5–0.75 of module (w,h) and set back its inner “shadow” reveal by 80–120 mm.

Constrain variability to read as a facade: keep reveals constant across the field; vary cassette depth by row or bay (not per-cell noise); align openings in horizontal bands to imply floors; enforce minimum proportions so frames remain legible (return_depth ≥ 0.02 m; reveal ≥ 0.012 m; frame rim ≥ 0.06 m). Optionally designate zones for perforation fields (hole Ø 10–30 mm on 30–60 mm staggered pitch) limited to spandrel modules only, avoiding window modules.",1
R01_metal,1,metal,c:\Users\marcr\OneDrive\Documentos\00_MarcRibert\8_Programming\01_Github\MAS_LLM_Workshop_25\experiment_dms26_baseline\_reference_images\R01.jpg,c:\Users\marcr\OneDrive\Documentos\00_MarcRibert\8_Programming\01_Github\MAS_LLM_Workshop_25\experiment_dms26_baseline\R01_metal\01_render.png,2,2,4,2.67,design_concept,"Adopt a metal cassette rainscreen system and encode metal-specific dimensions/constraints: modules 0.6–1.2 m (w) x 0.9–1.8 m (h); 12–18 mm vertical/horizontal reveals; 20–40 mm hemmed returns with 3 mm bend radius; cassette depths 40/60/90 mm; subframe rails (Z) at 600 mm c/c with 30 mm-wide vertical T/L profiles; window bays set within modules with 80–120 mm shadow-box depth.

Translate into explicit, stepwise geometry for the modeling agent: on XZ, lay out an overall facade frame and a panel grid (x_count≥5, y_count≥4). For each module: draw outer rectangle, offset in by (reveal + return), create face; extrude face to cassette depth, model returns as perimeter offset strip extruded back; fillet outer edges to 3 mm; leave 12–18 mm gaps as reveals. Place subframe rails behind reveals as continuous vertical members. In selected modules (e.g., 40–60%), cut a centered opening sized 0.5–0.75 of module (w,h) and set back its inner “shadow” reveal by 80–120 mm.

Constrain variability to read as a facade: keep reveals constant across the field; vary cassette depth by row or bay (not per-cell noise); align openings in horizontal bands to imply floors; enforce minimum proportions so frames remain legible (return_depth ≥ 0.02 m; reveal ≥ 0.012 m; frame rim ≥ 0.06 m). Optionally designate zones for perforation fields (hole Ø 10–30 mm on 30–60 mm staggered pitch) limited to spandrel modules only, avoiding window modules.",1
R01_metal,2,metal,c:\Users\marcr\OneDrive\Documentos\00_MarcRibert\8_Programming\01_Github\MAS_LLM_Workshop_25\experiment_dms26_baseline\_reference_images\R01.jpg,c:\Users\marcr\OneDrive\Documentos\00_MarcRibert\8_Programming\01_Github\MAS_LLM_Workshop_25\experiment_dms26_baseline\R01_metal\02_render.png,2,2,4,2.67,design_concept,"Adopt a metal cassette rainscreen system and encode metal-specific dimensions/constraints: modules 0.6–1.2 m (w) x 0.9–1.8 m (h); 12–18 mm vertical/horizontal reveals; 20–40 mm hemmed returns with 3 mm bend radius; cassette depths 40/60/90 mm; subframe rails (Z) at 600 mm c/c with 30 mm-wide vertical T/L profiles; window bays set within modules with 80–120 mm shadow-box depth.

Translate into explicit, stepwise geometry for the modeling agent: on XZ, lay out an overall facade frame and a panel grid (x_count≥5, y_count≥4). For each module: draw outer rectangle, offset in by (reveal + return), create face; extrude face to cassette depth, model returns as perimeter offset strip extruded back; fillet outer edges to 3 mm; leave 12–18 mm gaps as reveals. Place subframe rails behind reveals as continuous vertical members. In selected modules (e.g., 40–60%), cut a centered opening sized 0.5–0.75 of module (w,h) and set back its inner “shadow” reveal by 80–120 mm.

Constrain variability to read as a facade: keep reveals constant across the field; vary cassette depth by row or bay (not per-cell noise); align openings in horizontal bands to imply floors; enforce minimum proportions so frames remain legible (return_depth ≥ 0.02 m; reveal ≥ 0.012 m; frame rim ≥ 0.06 m). Optionally designate zones for perforation fields (hole Ø 10–30 mm on 30–60 mm staggered pitch) limited to spandrel modules only, avoiding window modules.",1
R01_metal,3,metal,c:\Users\marcr\OneDrive\Documentos\00_MarcRibert\8_Programming\01_Github\MAS_LLM_Workshop_25\experiment_dms26_baseline\_reference_images\R01.jpg,c:\Users\marcr\OneDrive\Documentos\00_MarcRibert\8_Programming\01_Github\MAS_LLM_Workshop_25\experiment_dms26_baseline\R01_metal\03_render.png,2,2,4,2.67,design_concept,"Adopt a metal cassette rainscreen system and encode metal-specific dimensions/constraints: modules 0.6–1.2 m (w) x 0.9–1.8 m (h); 12–18 mm vertical/horizontal reveals; 20–40 mm hemmed returns with 3 mm bend radius; cassette depths 40/60/90 mm; subframe rails (Z) at 600 mm c/c with 30 mm-wide vertical T/L profiles; window bays set within modules with 80–120 mm shadow-box depth.

Translate into explicit, stepwise geometry for the modeling agent: on XZ, lay out an overall facade frame and a panel grid (x_count≥5, y_count≥4). For each module: draw outer rectangle, offset in by (reveal + return), create face; extrude face to cassette depth, model returns as perimeter offset strip extruded back; fillet outer edges to 3 mm; leave 12–18 mm gaps as reveals. Place subframe rails behind reveals as continuous vertical members. In selected modules (e.g., 40–60%), cut a centered opening sized 0.5–0.75 of module (w,h) and set back its inner “shadow” reveal by 80–120 mm.

Constrain variability to read as a facade: keep reveals constant across the field; vary cassette depth by row or bay (not per-cell noise); align openings in horizontal bands to imply floors; enforce minimum proportions so frames remain legible (return_depth ≥ 0.02 m; reveal ≥ 0.012 m; frame rim ≥ 0.06 m). Optionally designate zones for perforation fields (hole Ø 10–30 mm on 30–60 mm staggered pitch) limited to spandrel modules only, avoiding window modules.",1
R01_metal,4,metal,c:\Users\marcr\OneDrive\Documentos\00_MarcRibert\8_Programming\01_Github\MAS_LLM_Workshop_25\experiment_dms26_baseline\_reference_images\R01.jpg,c:\Users\marcr\OneDrive\Documentos\00_MarcRibert\8_Programming\01_Github\MAS_LLM_Workshop_25\experiment_dms26_baseline\R01_metal\04_render.png,2,2,4,2.67,design_concept,"Adopt a metal cassette rainscreen system and encode metal-specific dimensions/constraints: modules 0.6–1.2 m (w) x 0.9–1.8 m (h); 12–18 mm vertical/horizontal reveals; 20–40 mm hemmed returns with 3 mm bend radius; cassette depths 40/60/90 mm; subframe rails (Z) at 600 mm c/c with 30 mm-wide vertical T/L profiles; window bays set within modules with 80–120 mm shadow-box depth.

Translate into explicit, stepwise geometry for the modeling agent: on XZ, lay out an overall facade frame and a panel grid (x_count≥5, y_count≥4). For each module: draw outer rectangle, offset in by (reveal + return), create face; extrude face to cassette depth, model returns as perimeter offset strip extruded back; fillet outer edges to 3 mm; leave 12–18 mm gaps as reveals. Place subframe rails behind reveals as continuous vertical members. In selected modules (e.g., 40–60%), cut a centered opening sized 0.5–0.75 of module (w,h) and set back its inner “shadow” reveal by 80–120 mm.

Constrain variability to read as a facade: keep reveals constant across the field; vary cassette depth by row or bay (not per-cell noise); align openings in horizontal bands to imply floors; enforce minimum proportions so frames remain legible (return_depth ≥ 0.02 m; reveal ≥ 0.012 m; frame rim ≥ 0.06 m). Optionally designate zones for perforation fields (hole Ø 10–30 mm on 30–60 mm staggered pitch) limited to spandrel modules only, avoiding window modules.",1
R01_stone,0,stone,c:\Users\marcr\OneDrive\Documentos\00_MarcRibert\8_Programming\01_Github\MAS_LLM_Workshop_25\experiment_dms26_baseline\_reference_images\R01.jpg,c:\Users\marcr\OneDrive\Documentos\00_MarcRibert\8_Programming\01_Github\MAS_LLM_Workshop_25\experiment_dms26_baseline\R01_stone\00_render.png,2,1,2,1.67,design_modeling,"- Remap axes and global dimensions (facadeness fix): Build on XZ (Z = vertical). Add facade_width, facade_height, base_elevation, facade_depth. Replace the current use of panel_height along Y with Z-based story/unit heights. Keep Y strictly as depth: stone_thickness (0.06–0.10 m cladding; 0.15–0.30 m masonry). Ensure base_elevation ≥ 0 and no geometry dips below ground.
- Replace thin NURBS panels with discrete stone courses (material logic): Introduce unit_w = 0.30–0.60 m, unit_h = 0.15–0.30 m, joint_w = 0.005–0.012 m. Generate running-bond courses (1/2 overlap), compute cols/rows from facade_width/height and unit sizes, create box solids per block (extrude along Y by stone_thickness), and model joints as gaps. Optional arris_chamfer = 0.003–0.008 m and rustication_depth = 0.005–0.025 m applied on block faces.
- Convert sinusoidal “wave” to corbelled/faceted relief in Y (stone-safe): Keep wave_amplitude as total target projection (max_out = 0.06–0.12 m) and wave_frequency as number of bays across width. For each column i, set target y_offset(i) = clamp(amplitude * sin(2π * i / period), ±max_out); for each course k, increment toward target with per-course corbel_step_max = 0.010–0.020 m to avoid bending. Cap offsets, add a continuous plinth course at base and a coping/top course to terminate relief cleanly.",2
R01_stone,1,stone,c:\Users\marcr\OneDrive\Documentos\00_MarcRibert\8_Programming\01_Github\MAS_LLM_Workshop_25\experiment_dms26_baseline\_reference_images\R01.jpg,c:\Users\marcr\OneDrive\Documentos\00_MarcRibert\8_Programming\01_Github\MAS_LLM_Workshop_25\experiment_dms26_baseline\R01_stone\01_render.png,2,1,2,1.67,design_modeling,"- Remap axes and global dimensions (facadeness fix): Build on XZ (Z = vertical). Add facade_width, facade_height, base_elevation, facade_depth. Replace the current use of panel_height along Y with Z-based story/unit heights. Keep Y strictly as depth: stone_thickness (0.06–0.10 m cladding; 0.15–0.30 m masonry). Ensure base_elevation ≥ 0 and no geometry dips below ground.
- Replace thin NURBS panels with discrete stone courses (material logic): Introduce unit_w = 0.30–0.60 m, unit_h = 0.15–0.30 m, joint_w = 0.005–0.012 m. Generate running-bond courses (1/2 overlap), compute cols/rows from facade_width/height and unit sizes, create box solids per block (extrude along Y by stone_thickness), and model joints as gaps. Optional arris_chamfer = 0.003–0.008 m and rustication_depth = 0.005–0.025 m applied on block faces.
- Convert sinusoidal “wave” to corbelled/faceted relief in Y (stone-safe): Keep wave_amplitude as total target projection (max_out = 0.06–0.12 m) and wave_frequency as number of bays across width. For each column i, set target y_offset(i) = clamp(amplitude * sin(2π * i / period), ±max_out); for each course k, increment toward target with per-course corbel_step_max = 0.010–0.020 m to avoid bending. Cap offsets, add a continuous plinth course at base and a coping/top course to terminate relief cleanly.",2
R01_stone,2,stone,c:\Users\marcr\OneDrive\Documentos\00_MarcRibert\8_Programming\01_Github\MAS_LLM_Workshop_25\experiment_dms26_baseline\_reference_images\R01.jpg,c:\Users\marcr\OneDrive\Documentos\00_MarcRibert\8_Programming\01_Github\MAS_LLM_Workshop_25\experiment_dms26_baseline\R01_stone\02_render.png,2,1,2,1.67,design_modeling,"- Remap axes and global dimensions (facadeness fix): Build on XZ (Z = vertical). Add facade_width, facade_height, base_elevation, facade_depth. Replace the current use of panel_height along Y with Z-based story/unit heights. Keep Y strictly as depth: stone_thickness (0.06–0.10 m cladding; 0.15–0.30 m masonry). Ensure base_elevation ≥ 0 and no geometry dips below ground.
- Replace thin NURBS panels with discrete stone courses (material logic): Introduce unit_w = 0.30–0.60 m, unit_h = 0.15–0.30 m, joint_w = 0.005–0.012 m. Generate running-bond courses (1/2 overlap), compute cols/rows from facade_width/height and unit sizes, create box solids per block (extrude along Y by stone_thickness), and model joints as gaps. Optional arris_chamfer = 0.003–0.008 m and rustication_depth = 0.005–0.025 m applied on block faces.
- Convert sinusoidal “wave” to corbelled/faceted relief in Y (stone-safe): Keep wave_amplitude as total target projection (max_out = 0.06–0.12 m) and wave_frequency as number of bays across width. For each column i, set target y_offset(i) = clamp(amplitude * sin(2π * i / period), ±max_out); for each course k, increment toward target with per-course corbel_step_max = 0.010–0.020 m to avoid bending. Cap offsets, add a continuous plinth course at base and a coping/top course to terminate relief cleanly.",2
R01_stone,3,stone,c:\Users\marcr\OneDrive\Documentos\00_MarcRibert\8_Programming\01_Github\MAS_LLM_Workshop_25\experiment_dms26_baseline\_reference_images\R01.jpg,c:\Users\marcr\OneDrive\Documentos\00_MarcRibert\8_Programming\01_Github\MAS_LLM_Workshop_25\experiment_dms26_baseline\R01_stone\03_render.png,2,1,2,1.67,design_modeling,"- Remap axes and global dimensions (facadeness fix): Build on XZ (Z = vertical). Add facade_width, facade_height, base_elevation, facade_depth. Replace the current use of panel_height along Y with Z-based story/unit heights. Keep Y strictly as depth: stone_thickness (0.06–0.10 m cladding; 0.15–0.30 m masonry). Ensure base_elevation ≥ 0 and no geometry dips below ground.
- Replace thin NURBS panels with discrete stone courses (material logic): Introduce unit_w = 0.30–0.60 m, unit_h = 0.15–0.30 m, joint_w = 0.005–0.012 m. Generate running-bond courses (1/2 overlap), compute cols/rows from facade_width/height and unit sizes, create box solids per block (extrude along Y by stone_thickness), and model joints as gaps. Optional arris_chamfer = 0.003–0.008 m and rustication_depth = 0.005–0.025 m applied on block faces.
- Convert sinusoidal “wave” to corbelled/faceted relief in Y (stone-safe): Keep wave_amplitude as total target projection (max_out = 0.06–0.12 m) and wave_frequency as number of bays across width. For each column i, set target y_offset(i) = clamp(amplitude * sin(2π * i / period), ±max_out); for each course k, increment toward target with per-course corbel_step_max = 0.010–0.020 m to avoid bending. Cap offsets, add a continuous plinth course at base and a coping/top course to terminate relief cleanly.",2
R01_stone,4,stone,c:\Users\marcr\OneDrive\Documentos\00_MarcRibert\8_Programming\01_Github\MAS_LLM_Workshop_25\experiment_dms26_baseline\_reference_images\R01.jpg,c:\Users\marcr\OneDrive\Documentos\00_MarcRibert\8_Programming\01_Github\MAS_LLM_Workshop_25\experiment_dms26_baseline\R01_stone\04_render.png,2,1,2,1.67,design_modeling,"- Remap axes and global dimensions (facadeness fix): Build on XZ (Z = vertical). Add facade_width, facade_height, base_elevation, facade_depth. Replace the current use of panel_height along Y with Z-based story/unit heights. Keep Y strictly as depth: stone_thickness (0.06–0.10 m cladding; 0.15–0.30 m masonry). Ensure base_elevation ≥ 0 and no geometry dips below ground.
- Replace thin NURBS panels with discrete stone courses (material logic): Introduce unit_w = 0.30–0.60 m, unit_h = 0.15–0.30 m, joint_w = 0.005–0.012 m. Generate running-bond courses (1/2 overlap), compute cols/rows from facade_width/height and unit sizes, create box solids per block (extrude along Y by stone_thickness), and model joints as gaps. Optional arris_chamfer = 0.003–0.008 m and rustication_depth = 0.005–0.025 m applied on block faces.
- Convert sinusoidal “wave” to corbelled/faceted relief in Y (stone-safe): Keep wave_amplitude as total target projection (max_out = 0.06–0.12 m) and wave_frequency as number of bays across width. For each column i, set target y_offset(i) = clamp(amplitude * sin(2π * i / period), ±max_out); for each course k, increment toward target with per-course corbel_step_max = 0.010–0.020 m to avoid bending. Cap offsets, add a continuous plinth course at base and a coping/top course to terminate relief cleanly.",2
R01_timber,0,timber,c:\Users\marcr\OneDrive\Documentos\00_MarcRibert\8_Programming\01_Github\MAS_LLM_Workshop_25\experiment_dms26_baseline\_reference_images\R01.jpg,c:\Users\marcr\OneDrive\Documentos\00_MarcRibert\8_Programming\01_Github\MAS_LLM_Workshop_25\experiment_dms26_baseline\R01_timber\00_render.png,1,3,2,2.0,design_concept,"Target: design_task_agent (design concept). Replace the generic task with a timber-specific, buildable system and explicit modeling steps.

- System + dimensions (timber-only): Vertical board-and-batten rainscreen on timber stud frame. Story module 3.0–3.6 m (default 3.3 m), facade width 6–60 m. Components: vertical boards 19×140 mm (thk×width) with 3 mm vertical reveal; battens 45×20 mm (width×proj.) at 400 mm c/c, proud of boards; furring/rails 45×45 mm creating 20 mm ventilation cavity; stud grid 45×95 mm at 600 mm c/c; panelization seams every 1200 mm (2 mm gap); ground plinth zone 0–300 mm (no battens, continuous board), edge trims (corners 45×45, jambs 45×95, head/sill 45×145). Openings sized to board module multiples with 10 mm perimeter clearance.

- Parameters with bounds (enforce material proportions): facade_width 6–60 m; facade_height 3.3–30 m; story_height 3.0–3.6 m; board_width 90–190 mm; board_thickness 18–22 mm; reveal 2–6 mm; batten_width 35–60 mm; batten_depth 15–35 mm; batten_spacing 300–600 mm; cavity 15–30 mm; stud_spacing 400–600 mm; panel_seam 900–1500 mm; plinth_height 150–400 mm; opening_w/h multiples of (board_width+reveal). Toggles: stagger_board_starts true/false; step_edges_by_story true/false; skip_battens_in_plinth true/false.

- Step-by-step modeling brief (XZ frontal plane, Z up): 1) Create facade base rectangle (facade_width × facade_height) from ground Z=0; add story lines at story_height. 2) Generate stud grid lines at stud_spacing; add panel seam lines at panel_seam. 3) Offset facade plane inward by cavity to define board plane; tile vertical boards by (board_width+reveal), extrude to board_thickness; leave 3 mm reveals; trim/cull boards at openings and within plinth zone. 4) Place battens as rectangular extrusions (batten_width × batten_depth) centered every batten_spacing, proud of board face; omit in plinth if toggle active; interrupt at openings with jamb trims. 5) Add edge/corner trims and head/sill members as separate extrusions; keep 2 mm gaps at panel seams. 6) Optional: per-story horizontal stepping via edge offsets; ensure all outputs are closed polysurfaces with correct depths to read as timber assembly in elevation/raking views.",1
R01_timber,1,timber,c:\Users\marcr\OneDrive\Documentos\00_MarcRibert\8_Programming\01_Github\MAS_LLM_Workshop_25\experiment_dms26_baseline\_reference_images\R01.jpg,c:\Users\marcr\OneDrive\Documentos\00_MarcRibert\8_Programming\01_Github\MAS_LLM_Workshop_25\experiment_dms26_baseline\R01_timber\01_render.png,1,3,2,2.0,design_concept,"Target: design_task_agent (design concept). Replace the generic task with a timber-specific, buildable system and explicit modeling steps.

- System + dimensions (timber-only): Vertical board-and-batten rainscreen on timber stud frame. Story module 3.0–3.6 m (default 3.3 m), facade width 6–60 m. Components: vertical boards 19×140 mm (thk×width) with 3 mm vertical reveal; battens 45×20 mm (width×proj.) at 400 mm c/c, proud of boards; furring/rails 45×45 mm creating 20 mm ventilation cavity; stud grid 45×95 mm at 600 mm c/c; panelization seams every 1200 mm (2 mm gap); ground plinth zone 0–300 mm (no battens, continuous board), edge trims (corners 45×45, jambs 45×95, head/sill 45×145). Openings sized to board module multiples with 10 mm perimeter clearance.

- Parameters with bounds (enforce material proportions): facade_width 6–60 m; facade_height 3.3–30 m; story_height 3.0–3.6 m; board_width 90–190 mm; board_thickness 18–22 mm; reveal 2–6 mm; batten_width 35–60 mm; batten_depth 15–35 mm; batten_spacing 300–600 mm; cavity 15–30 mm; stud_spacing 400–600 mm; panel_seam 900–1500 mm; plinth_height 150–400 mm; opening_w/h multiples of (board_width+reveal). Toggles: stagger_board_starts true/false; step_edges_by_story true/false; skip_battens_in_plinth true/false.

- Step-by-step modeling brief (XZ frontal plane, Z up): 1) Create facade base rectangle (facade_width × facade_height) from ground Z=0; add story lines at story_height. 2) Generate stud grid lines at stud_spacing; add panel seam lines at panel_seam. 3) Offset facade plane inward by cavity to define board plane; tile vertical boards by (board_width+reveal), extrude to board_thickness; leave 3 mm reveals; trim/cull boards at openings and within plinth zone. 4) Place battens as rectangular extrusions (batten_width × batten_depth) centered every batten_spacing, proud of board face; omit in plinth if toggle active; interrupt at openings with jamb trims. 5) Add edge/corner trims and head/sill members as separate extrusions; keep 2 mm gaps at panel seams. 6) Optional: per-story horizontal stepping via edge offsets; ensure all outputs are closed polysurfaces with correct depths to read as timber assembly in elevation/raking views.",1
R01_timber,2,timber,c:\Users\marcr\OneDrive\Documentos\00_MarcRibert\8_Programming\01_Github\MAS_LLM_Workshop_25\experiment_dms26_baseline\_reference_images\R01.jpg,c:\Users\marcr\OneDrive\Documentos\00_MarcRibert\8_Programming\01_Github\MAS_LLM_Workshop_25\experiment_dms26_baseline\R01_timber\02_render.png,1,3,2,2.0,design_concept,"Target: design_task_agent (design concept). Replace the generic task with a timber-specific, buildable system and explicit modeling steps.

- System + dimensions (timber-only): Vertical board-and-batten rainscreen on timber stud frame. Story module 3.0–3.6 m (default 3.3 m), facade width 6–60 m. Components: vertical boards 19×140 mm (thk×width) with 3 mm vertical reveal; battens 45×20 mm (width×proj.) at 400 mm c/c, proud of boards; furring/rails 45×45 mm creating 20 mm ventilation cavity; stud grid 45×95 mm at 600 mm c/c; panelization seams every 1200 mm (2 mm gap); ground plinth zone 0–300 mm (no battens, continuous board), edge trims (corners 45×45, jambs 45×95, head/sill 45×145). Openings sized to board module multiples with 10 mm perimeter clearance.

- Parameters with bounds (enforce material proportions): facade_width 6–60 m; facade_height 3.3–30 m; story_height 3.0–3.6 m; board_width 90–190 mm; board_thickness 18–22 mm; reveal 2–6 mm; batten_width 35–60 mm; batten_depth 15–35 mm; batten_spacing 300–600 mm; cavity 15–30 mm; stud_spacing 400–600 mm; panel_seam 900–1500 mm; plinth_height 150–400 mm; opening_w/h multiples of (board_width+reveal). Toggles: stagger_board_starts true/false; step_edges_by_story true/false; skip_battens_in_plinth true/false.

- Step-by-step modeling brief (XZ frontal plane, Z up): 1) Create facade base rectangle (facade_width × facade_height) from ground Z=0; add story lines at story_height. 2) Generate stud grid lines at stud_spacing; add panel seam lines at panel_seam. 3) Offset facade plane inward by cavity to define board plane; tile vertical boards by (board_width+reveal), extrude to board_thickness; leave 3 mm reveals; trim/cull boards at openings and within plinth zone. 4) Place battens as rectangular extrusions (batten_width × batten_depth) centered every batten_spacing, proud of board face; omit in plinth if toggle active; interrupt at openings with jamb trims. 5) Add edge/corner trims and head/sill members as separate extrusions; keep 2 mm gaps at panel seams. 6) Optional: per-story horizontal stepping via edge offsets; ensure all outputs are closed polysurfaces with correct depths to read as timber assembly in elevation/raking views.",1
R01_timber,3,timber,c:\Users\marcr\OneDrive\Documentos\00_MarcRibert\8_Programming\01_Github\MAS_LLM_Workshop_25\experiment_dms26_baseline\_reference_images\R01.jpg,c:\Users\marcr\OneDrive\Documentos\00_MarcRibert\8_Programming\01_Github\MAS_LLM_Workshop_25\experiment_dms26_baseline\R01_timber\03_render.png,1,3,2,2.0,design_concept,"Target: design_task_agent (design concept). Replace the generic task with a timber-specific, buildable system and explicit modeling steps.

- System + dimensions (timber-only): Vertical board-and-batten rainscreen on timber stud frame. Story module 3.0–3.6 m (default 3.3 m), facade width 6–60 m. Components: vertical boards 19×140 mm (thk×width) with 3 mm vertical reveal; battens 45×20 mm (width×proj.) at 400 mm c/c, proud of boards; furring/rails 45×45 mm creating 20 mm ventilation cavity; stud grid 45×95 mm at 600 mm c/c; panelization seams every 1200 mm (2 mm gap); ground plinth zone 0–300 mm (no battens, continuous board), edge trims (corners 45×45, jambs 45×95, head/sill 45×145). Openings sized to board module multiples with 10 mm perimeter clearance.

- Parameters with bounds (enforce material proportions): facade_width 6–60 m; facade_height 3.3–30 m; story_height 3.0–3.6 m; board_width 90–190 mm; board_thickness 18–22 mm; reveal 2–6 mm; batten_width 35–60 mm; batten_depth 15–35 mm; batten_spacing 300–600 mm; cavity 15–30 mm; stud_spacing 400–600 mm; panel_seam 900–1500 mm; plinth_height 150–400 mm; opening_w/h multiples of (board_width+reveal). Toggles: stagger_board_starts true/false; step_edges_by_story true/false; skip_battens_in_plinth true/false.

- Step-by-step modeling brief (XZ frontal plane, Z up): 1) Create facade base rectangle (facade_width × facade_height) from ground Z=0; add story lines at story_height. 2) Generate stud grid lines at stud_spacing; add panel seam lines at panel_seam. 3) Offset facade plane inward by cavity to define board plane; tile vertical boards by (board_width+reveal), extrude to board_thickness; leave 3 mm reveals; trim/cull boards at openings and within plinth zone. 4) Place battens as rectangular extrusions (batten_width × batten_depth) centered every batten_spacing, proud of board face; omit in plinth if toggle active; interrupt at openings with jamb trims. 5) Add edge/corner trims and head/sill members as separate extrusions; keep 2 mm gaps at panel seams. 6) Optional: per-story horizontal stepping via edge offsets; ensure all outputs are closed polysurfaces with correct depths to read as timber assembly in elevation/raking views.",1
R01_timber,4,timber,c:\Users\marcr\OneDrive\Documentos\00_MarcRibert\8_Programming\01_Github\MAS_LLM_Workshop_25\experiment_dms26_baseline\_reference_images\R01.jpg,c:\Users\marcr\OneDrive\Documentos\00_MarcRibert\8_Programming\01_Github\MAS_LLM_Workshop_25\experiment_dms26_baseline\R01_timber\04_render.png,1,3,2,2.0,design_concept,"Target: design_task_agent (design concept). Replace the generic task with a timber-specific, buildable system and explicit modeling steps.

- System + dimensions (timber-only): Vertical board-and-batten rainscreen on timber stud frame. Story module 3.0–3.6 m (default 3.3 m), facade width 6–60 m. Components: vertical boards 19×140 mm (thk×width) with 3 mm vertical reveal; battens 45×20 mm (width×proj.) at 400 mm c/c, proud of boards; furring/rails 45×45 mm creating 20 mm ventilation cavity; stud grid 45×95 mm at 600 mm c/c; panelization seams every 1200 mm (2 mm gap); ground plinth zone 0–300 mm (no battens, continuous board), edge trims (corners 45×45, jambs 45×95, head/sill 45×145). Openings sized to board module multiples with 10 mm perimeter clearance.

- Parameters with bounds (enforce material proportions): facade_width 6–60 m; facade_height 3.3–30 m; story_height 3.0–3.6 m; board_width 90–190 mm; board_thickness 18–22 mm; reveal 2–6 mm; batten_width 35–60 mm; batten_depth 15–35 mm; batten_spacing 300–600 mm; cavity 15–30 mm; stud_spacing 400–600 mm; panel_seam 900–1500 mm; plinth_height 150–400 mm; opening_w/h multiples of (board_width+reveal). Toggles: stagger_board_starts true/false; step_edges_by_story true/false; skip_battens_in_plinth true/false.

- Step-by-step modeling brief (XZ frontal plane, Z up): 1) Create facade base rectangle (facade_width × facade_height) from ground Z=0; add story lines at story_height. 2) Generate stud grid lines at stud_spacing; add panel seam lines at panel_seam. 3) Offset facade plane inward by cavity to define board plane; tile vertical boards by (board_width+reveal), extrude to board_thickness; leave 3 mm reveals; trim/cull boards at openings and within plinth zone. 4) Place battens as rectangular extrusions (batten_width × batten_depth) centered every batten_spacing, proud of board face; omit in plinth if toggle active; interrupt at openings with jamb trims. 5) Add edge/corner trims and head/sill members as separate extrusions; keep 2 mm gaps at panel seams. 6) Optional: per-story horizontal stepping via edge offsets; ensure all outputs are closed polysurfaces with correct depths to read as timber assembly in elevation/raking views.",1
R02_clay,0,clay,c:\Users\marcr\OneDrive\Documentos\00_MarcRibert\8_Programming\01_Github\MAS_LLM_Workshop_25\experiment_dms26_baseline\_reference_images\R02.jpg,c:\Users\marcr\OneDrive\Documentos\00_MarcRibert\8_Programming\01_Github\MAS_LLM_Workshop_25\experiment_dms26_baseline\R02_clay\00_render.png,2,2,2,2.0,design_modeling,"Revise the modeling function to implement clay-specific coursing, bonding, and perforation rules, replacing the current voxel grid and random voids.

- Replace module_count/void_ratio grid with brick coursing logic snapped to real units: add params brick_len_x=215 mm, brick_ht_z=65 mm, joint_thk=10 mm, brick_depth_y=102.5 mm, base_courses=1–3, parapet_courses=1–2, edge_margin_x=0–0.5 brick. Compute bricks_per_course=floor((width_x-2*edge_margin_x)/(brick_len_x+joint_thk)) and course_count from height_z. Implement stretcher bond with 0.5-brick offset on alternating courses, continuous ground/base and parapet courses, and extrude each brick by brick_depth_y (replace generic depth). Enforce min/max: joint_thk 8–12 mm; brick_len_x 190–240 mm; brick_ht_z 50–75 mm.
- Replace random omission with clay-specific perforation/opening rules snapped to the brick grid: add params perforation_ratio 0.0–0.35, perforation_period 2–6 (skip every n-th brick or n-th vertical cell), and optional image_path usage. If image_path provided, downsample luminance to (bricks_per_course x course_count) and threshold to decide perforations, then snap to courses (no half-bricks). Auto-generate openings by aggregating perforations into rectangles; enforce 1 sill course and 2 header courses solid above openings, plus 1-brick jambs each side.
- Remove hardcoded random.seed(42); expose rng_seed (int) and ensure structural continuity constraints to avoid floating fragments: a brick above can be void only if supported by a solid brick within 1 course below or it belongs to the enforced header/sill/jamb set. Optionally add relief/corbel parameters relief_depth_mm 0–30 and corbel_step_mm 0–30 with max_overhang ≤ 1⁄2 brick_depth_y; apply relief as per-course offsets without breaking support rules.",1
R02_clay,1,clay,c:\Users\marcr\OneDrive\Documentos\00_MarcRibert\8_Programming\01_Github\MAS_LLM_Workshop_25\experiment_dms26_baseline\_reference_images\R02.jpg,c:\Users\marcr\OneDrive\Documentos\00_MarcRibert\8_Programming\01_Github\MAS_LLM_Workshop_25\experiment_dms26_baseline\R02_clay\01_render.png,2,2,2,2.0,design_modeling,"Revise the modeling function to implement clay-specific coursing, bonding, and perforation rules, replacing the current voxel grid and random voids.

- Replace module_count/void_ratio grid with brick coursing logic snapped to real units: add params brick_len_x=215 mm, brick_ht_z=65 mm, joint_thk=10 mm, brick_depth_y=102.5 mm, base_courses=1–3, parapet_courses=1–2, edge_margin_x=0–0.5 brick. Compute bricks_per_course=floor((width_x-2*edge_margin_x)/(brick_len_x+joint_thk)) and course_count from height_z. Implement stretcher bond with 0.5-brick offset on alternating courses, continuous ground/base and parapet courses, and extrude each brick by brick_depth_y (replace generic depth). Enforce min/max: joint_thk 8–12 mm; brick_len_x 190–240 mm; brick_ht_z 50–75 mm.
- Replace random omission with clay-specific perforation/opening rules snapped to the brick grid: add params perforation_ratio 0.0–0.35, perforation_period 2–6 (skip every n-th brick or n-th vertical cell), and optional image_path usage. If image_path provided, downsample luminance to (bricks_per_course x course_count) and threshold to decide perforations, then snap to courses (no half-bricks). Auto-generate openings by aggregating perforations into rectangles; enforce 1 sill course and 2 header courses solid above openings, plus 1-brick jambs each side.
- Remove hardcoded random.seed(42); expose rng_seed (int) and ensure structural continuity constraints to avoid floating fragments: a brick above can be void only if supported by a solid brick within 1 course below or it belongs to the enforced header/sill/jamb set. Optionally add relief/corbel parameters relief_depth_mm 0–30 and corbel_step_mm 0–30 with max_overhang ≤ 1⁄2 brick_depth_y; apply relief as per-course offsets without breaking support rules.",1
R02_clay,2,clay,c:\Users\marcr\OneDrive\Documentos\00_MarcRibert\8_Programming\01_Github\MAS_LLM_Workshop_25\experiment_dms26_baseline\_reference_images\R02.jpg,c:\Users\marcr\OneDrive\Documentos\00_MarcRibert\8_Programming\01_Github\MAS_LLM_Workshop_25\experiment_dms26_baseline\R02_clay\02_render.png,2,2,2,2.0,design_modeling,"Revise the modeling function to implement clay-specific coursing, bonding, and perforation rules, replacing the current voxel grid and random voids.

- Replace module_count/void_ratio grid with brick coursing logic snapped to real units: add params brick_len_x=215 mm, brick_ht_z=65 mm, joint_thk=10 mm, brick_depth_y=102.5 mm, base_courses=1–3, parapet_courses=1–2, edge_margin_x=0–0.5 brick. Compute bricks_per_course=floor((width_x-2*edge_margin_x)/(brick_len_x+joint_thk)) and course_count from height_z. Implement stretcher bond with 0.5-brick offset on alternating courses, continuous ground/base and parapet courses, and extrude each brick by brick_depth_y (replace generic depth). Enforce min/max: joint_thk 8–12 mm; brick_len_x 190–240 mm; brick_ht_z 50–75 mm.
- Replace random omission with clay-specific perforation/opening rules snapped to the brick grid: add params perforation_ratio 0.0–0.35, perforation_period 2–6 (skip every n-th brick or n-th vertical cell), and optional image_path usage. If image_path provided, downsample luminance to (bricks_per_course x course_count) and threshold to decide perforations, then snap to courses (no half-bricks). Auto-generate openings by aggregating perforations into rectangles; enforce 1 sill course and 2 header courses solid above openings, plus 1-brick jambs each side.
- Remove hardcoded random.seed(42); expose rng_seed (int) and ensure structural continuity constraints to avoid floating fragments: a brick above can be void only if supported by a solid brick within 1 course below or it belongs to the enforced header/sill/jamb set. Optionally add relief/corbel parameters relief_depth_mm 0–30 and corbel_step_mm 0–30 with max_overhang ≤ 1⁄2 brick_depth_y; apply relief as per-course offsets without breaking support rules.",1
R02_clay,3,clay,c:\Users\marcr\OneDrive\Documentos\00_MarcRibert\8_Programming\01_Github\MAS_LLM_Workshop_25\experiment_dms26_baseline\_reference_images\R02.jpg,c:\Users\marcr\OneDrive\Documentos\00_MarcRibert\8_Programming\01_Github\MAS_LLM_Workshop_25\experiment_dms26_baseline\R02_clay\03_render.png,2,2,2,2.0,design_modeling,"Revise the modeling function to implement clay-specific coursing, bonding, and perforation rules, replacing the current voxel grid and random voids.

- Replace module_count/void_ratio grid with brick coursing logic snapped to real units: add params brick_len_x=215 mm, brick_ht_z=65 mm, joint_thk=10 mm, brick_depth_y=102.5 mm, base_courses=1–3, parapet_courses=1–2, edge_margin_x=0–0.5 brick. Compute bricks_per_course=floor((width_x-2*edge_margin_x)/(brick_len_x+joint_thk)) and course_count from height_z. Implement stretcher bond with 0.5-brick offset on alternating courses, continuous ground/base and parapet courses, and extrude each brick by brick_depth_y (replace generic depth). Enforce min/max: joint_thk 8–12 mm; brick_len_x 190–240 mm; brick_ht_z 50–75 mm.
- Replace random omission with clay-specific perforation/opening rules snapped to the brick grid: add params perforation_ratio 0.0–0.35, perforation_period 2–6 (skip every n-th brick or n-th vertical cell), and optional image_path usage. If image_path provided, downsample luminance to (bricks_per_course x course_count) and threshold to decide perforations, then snap to courses (no half-bricks). Auto-generate openings by aggregating perforations into rectangles; enforce 1 sill course and 2 header courses solid above openings, plus 1-brick jambs each side.
- Remove hardcoded random.seed(42); expose rng_seed (int) and ensure structural continuity constraints to avoid floating fragments: a brick above can be void only if supported by a solid brick within 1 course below or it belongs to the enforced header/sill/jamb set. Optionally add relief/corbel parameters relief_depth_mm 0–30 and corbel_step_mm 0–30 with max_overhang ≤ 1⁄2 brick_depth_y; apply relief as per-course offsets without breaking support rules.",1
R02_clay,4,clay,c:\Users\marcr\OneDrive\Documentos\00_MarcRibert\8_Programming\01_Github\MAS_LLM_Workshop_25\experiment_dms26_baseline\_reference_images\R02.jpg,c:\Users\marcr\OneDrive\Documentos\00_MarcRibert\8_Programming\01_Github\MAS_LLM_Workshop_25\experiment_dms26_baseline\R02_clay\04_render.png,2,2,2,2.0,design_modeling,"Revise the modeling function to implement clay-specific coursing, bonding, and perforation rules, replacing the current voxel grid and random voids.

- Replace module_count/void_ratio grid with brick coursing logic snapped to real units: add params brick_len_x=215 mm, brick_ht_z=65 mm, joint_thk=10 mm, brick_depth_y=102.5 mm, base_courses=1–3, parapet_courses=1–2, edge_margin_x=0–0.5 brick. Compute bricks_per_course=floor((width_x-2*edge_margin_x)/(brick_len_x+joint_thk)) and course_count from height_z. Implement stretcher bond with 0.5-brick offset on alternating courses, continuous ground/base and parapet courses, and extrude each brick by brick_depth_y (replace generic depth). Enforce min/max: joint_thk 8–12 mm; brick_len_x 190–240 mm; brick_ht_z 50–75 mm.
- Replace random omission with clay-specific perforation/opening rules snapped to the brick grid: add params perforation_ratio 0.0–0.35, perforation_period 2–6 (skip every n-th brick or n-th vertical cell), and optional image_path usage. If image_path provided, downsample luminance to (bricks_per_course x course_count) and threshold to decide perforations, then snap to courses (no half-bricks). Auto-generate openings by aggregating perforations into rectangles; enforce 1 sill course and 2 header courses solid above openings, plus 1-brick jambs each side.
- Remove hardcoded random.seed(42); expose rng_seed (int) and ensure structural continuity constraints to avoid floating fragments: a brick above can be void only if supported by a solid brick within 1 course below or it belongs to the enforced header/sill/jamb set. Optionally add relief/corbel parameters relief_depth_mm 0–30 and corbel_step_mm 0–30 with max_overhang ≤ 1⁄2 brick_depth_y; apply relief as per-course offsets without breaking support rules.",1
R02_concrete,0,concrete,c:\Users\marcr\OneDrive\Documentos\00_MarcRibert\8_Programming\01_Github\MAS_LLM_Workshop_25\experiment_dms26_baseline\_reference_images\R02.jpg,c:\Users\marcr\OneDrive\Documentos\00_MarcRibert\8_Programming\01_Github\MAS_LLM_Workshop_25\experiment_dms26_baseline\R02_concrete\00_render.png,1,2,2,1.67,design_concept,"Target: Design task (design concept) — make the task explicitly precast-concrete–specific with clear dimensions, datums, components, and stepwise instructions.

- System + dimensions + datums: Specify a precast concrete panel facade on a 6-bay x 4-story elevation, overall width 21.6 m (bay = 3.6 m) and height 16.8 m (story = 4.2 m). Set front face on Y=0. Define panel thickness t = 0.12–0.18 m (extrude along −Y), joint width j = 15–25 mm (continuous vertical and horizontal). Express floor datums with a 200 mm deep horizontal reveal at each story line, a 450–600 mm base plinth band, and a 600 mm parapet at top. Constrain single-panel max size to one story high and ≤3.6 m wide; align horizontal joints at floor levels.

- Components + articulation (concrete cues): For each typical bay on stories 2–4, define a vision opening 1.8 m W x 1.6 m H centered in bay with sill at 0.9 m and head at 2.5 m; ground story: combine bays 2–3 into a 3.6 m W x 3.2 m H entrance opening. Within each panel, add vertical flutes/reveals: depth 15–25 mm, flute width 80–120 mm, spacing 300–600 mm; keep 60 mm clear from panel edges and 150 mm minimum jambs around openings. Chamfer all panel outer edges and opening returns at 10–20 mm; keep joint arises square. Optional: thicken base plinth panels to t = 0.16–0.22 m and reduce opening count at ground for heavier reading.

- Step-by-step modeling instructions (to be translated 1:1 by the modeling agent): 1) Lay out an XZ grid: bays = 6 at 3.6 m; stories = 4 at 4.2 m; generate panel outlines by offsetting grid lines to leave j on all sides so joints are voids. 2) Carve openings per bay/story rules (sizes/positions above), maintaining ≥150 mm concrete all around; add entrance at bays 2–3, story 1. 3) Add story-line reveals (200 mm deep, 60–120 mm tall bands) and panel flutes (15–25 mm deep) as negative extrusions on the panel front face; do not cross panel joints. 4) Extrude each panel solid along −Y by thickness t; apply 10–20 mm edge chamfers to all free edges and to opening returns. 5) Enforce parameter ranges: j ∈ [15,25] mm; t ∈ [120,180] mm (plinth t ∈ [160,220] mm); flute spacing ∈ [300,600] mm; flute width ∈ [80,120] mm; opening sill = 0.9 m, head = 2.5 m; parapet = 0.6 m; base band = 0.45–0.6 m. Output separate geometry layers for panels, joints (voids), openings, reveals, and plinth for clear tectonic reading.",1
R02_concrete,1,concrete,c:\Users\marcr\OneDrive\Documentos\00_MarcRibert\8_Programming\01_Github\MAS_LLM_Workshop_25\experiment_dms26_baseline\_reference_images\R02.jpg,c:\Users\marcr\OneDrive\Documentos\00_MarcRibert\8_Programming\01_Github\MAS_LLM_Workshop_25\experiment_dms26_baseline\R02_concrete\01_render.png,1,2,2,1.67,design_concept,"Target: Design task (design concept) — make the task explicitly precast-concrete–specific with clear dimensions, datums, components, and stepwise instructions.

- System + dimensions + datums: Specify a precast concrete panel facade on a 6-bay x 4-story elevation, overall width 21.6 m (bay = 3.6 m) and height 16.8 m (story = 4.2 m). Set front face on Y=0. Define panel thickness t = 0.12–0.18 m (extrude along −Y), joint width j = 15–25 mm (continuous vertical and horizontal). Express floor datums with a 200 mm deep horizontal reveal at each story line, a 450–600 mm base plinth band, and a 600 mm parapet at top. Constrain single-panel max size to one story high and ≤3.6 m wide; align horizontal joints at floor levels.

- Components + articulation (concrete cues): For each typical bay on stories 2–4, define a vision opening 1.8 m W x 1.6 m H centered in bay with sill at 0.9 m and head at 2.5 m; ground story: combine bays 2–3 into a 3.6 m W x 3.2 m H entrance opening. Within each panel, add vertical flutes/reveals: depth 15–25 mm, flute width 80–120 mm, spacing 300–600 mm; keep 60 mm clear from panel edges and 150 mm minimum jambs around openings. Chamfer all panel outer edges and opening returns at 10–20 mm; keep joint arises square. Optional: thicken base plinth panels to t = 0.16–0.22 m and reduce opening count at ground for heavier reading.

- Step-by-step modeling instructions (to be translated 1:1 by the modeling agent): 1) Lay out an XZ grid: bays = 6 at 3.6 m; stories = 4 at 4.2 m; generate panel outlines by offsetting grid lines to leave j on all sides so joints are voids. 2) Carve openings per bay/story rules (sizes/positions above), maintaining ≥150 mm concrete all around; add entrance at bays 2–3, story 1. 3) Add story-line reveals (200 mm deep, 60–120 mm tall bands) and panel flutes (15–25 mm deep) as negative extrusions on the panel front face; do not cross panel joints. 4) Extrude each panel solid along −Y by thickness t; apply 10–20 mm edge chamfers to all free edges and to opening returns. 5) Enforce parameter ranges: j ∈ [15,25] mm; t ∈ [120,180] mm (plinth t ∈ [160,220] mm); flute spacing ∈ [300,600] mm; flute width ∈ [80,120] mm; opening sill = 0.9 m, head = 2.5 m; parapet = 0.6 m; base band = 0.45–0.6 m. Output separate geometry layers for panels, joints (voids), openings, reveals, and plinth for clear tectonic reading.",1
R02_concrete,2,concrete,c:\Users\marcr\OneDrive\Documentos\00_MarcRibert\8_Programming\01_Github\MAS_LLM_Workshop_25\experiment_dms26_baseline\_reference_images\R02.jpg,c:\Users\marcr\OneDrive\Documentos\00_MarcRibert\8_Programming\01_Github\MAS_LLM_Workshop_25\experiment_dms26_baseline\R02_concrete\02_render.png,1,2,2,1.67,design_concept,"Target: Design task (design concept) — make the task explicitly precast-concrete–specific with clear dimensions, datums, components, and stepwise instructions.

- System + dimensions + datums: Specify a precast concrete panel facade on a 6-bay x 4-story elevation, overall width 21.6 m (bay = 3.6 m) and height 16.8 m (story = 4.2 m). Set front face on Y=0. Define panel thickness t = 0.12–0.18 m (extrude along −Y), joint width j = 15–25 mm (continuous vertical and horizontal). Express floor datums with a 200 mm deep horizontal reveal at each story line, a 450–600 mm base plinth band, and a 600 mm parapet at top. Constrain single-panel max size to one story high and ≤3.6 m wide; align horizontal joints at floor levels.

- Components + articulation (concrete cues): For each typical bay on stories 2–4, define a vision opening 1.8 m W x 1.6 m H centered in bay with sill at 0.9 m and head at 2.5 m; ground story: combine bays 2–3 into a 3.6 m W x 3.2 m H entrance opening. Within each panel, add vertical flutes/reveals: depth 15–25 mm, flute width 80–120 mm, spacing 300–600 mm; keep 60 mm clear from panel edges and 150 mm minimum jambs around openings. Chamfer all panel outer edges and opening returns at 10–20 mm; keep joint arises square. Optional: thicken base plinth panels to t = 0.16–0.22 m and reduce opening count at ground for heavier reading.

- Step-by-step modeling instructions (to be translated 1:1 by the modeling agent): 1) Lay out an XZ grid: bays = 6 at 3.6 m; stories = 4 at 4.2 m; generate panel outlines by offsetting grid lines to leave j on all sides so joints are voids. 2) Carve openings per bay/story rules (sizes/positions above), maintaining ≥150 mm concrete all around; add entrance at bays 2–3, story 1. 3) Add story-line reveals (200 mm deep, 60–120 mm tall bands) and panel flutes (15–25 mm deep) as negative extrusions on the panel front face; do not cross panel joints. 4) Extrude each panel solid along −Y by thickness t; apply 10–20 mm edge chamfers to all free edges and to opening returns. 5) Enforce parameter ranges: j ∈ [15,25] mm; t ∈ [120,180] mm (plinth t ∈ [160,220] mm); flute spacing ∈ [300,600] mm; flute width ∈ [80,120] mm; opening sill = 0.9 m, head = 2.5 m; parapet = 0.6 m; base band = 0.45–0.6 m. Output separate geometry layers for panels, joints (voids), openings, reveals, and plinth for clear tectonic reading.",1
R02_concrete,3,concrete,c:\Users\marcr\OneDrive\Documentos\00_MarcRibert\8_Programming\01_Github\MAS_LLM_Workshop_25\experiment_dms26_baseline\_reference_images\R02.jpg,c:\Users\marcr\OneDrive\Documentos\00_MarcRibert\8_Programming\01_Github\MAS_LLM_Workshop_25\experiment_dms26_baseline\R02_concrete\03_render.png,1,2,2,1.67,design_concept,"Target: Design task (design concept) — make the task explicitly precast-concrete–specific with clear dimensions, datums, components, and stepwise instructions.

- System + dimensions + datums: Specify a precast concrete panel facade on a 6-bay x 4-story elevation, overall width 21.6 m (bay = 3.6 m) and height 16.8 m (story = 4.2 m). Set front face on Y=0. Define panel thickness t = 0.12–0.18 m (extrude along −Y), joint width j = 15–25 mm (continuous vertical and horizontal). Express floor datums with a 200 mm deep horizontal reveal at each story line, a 450–600 mm base plinth band, and a 600 mm parapet at top. Constrain single-panel max size to one story high and ≤3.6 m wide; align horizontal joints at floor levels.

- Components + articulation (concrete cues): For each typical bay on stories 2–4, define a vision opening 1.8 m W x 1.6 m H centered in bay with sill at 0.9 m and head at 2.5 m; ground story: combine bays 2–3 into a 3.6 m W x 3.2 m H entrance opening. Within each panel, add vertical flutes/reveals: depth 15–25 mm, flute width 80–120 mm, spacing 300–600 mm; keep 60 mm clear from panel edges and 150 mm minimum jambs around openings. Chamfer all panel outer edges and opening returns at 10–20 mm; keep joint arises square. Optional: thicken base plinth panels to t = 0.16–0.22 m and reduce opening count at ground for heavier reading.

- Step-by-step modeling instructions (to be translated 1:1 by the modeling agent): 1) Lay out an XZ grid: bays = 6 at 3.6 m; stories = 4 at 4.2 m; generate panel outlines by offsetting grid lines to leave j on all sides so joints are voids. 2) Carve openings per bay/story rules (sizes/positions above), maintaining ≥150 mm concrete all around; add entrance at bays 2–3, story 1. 3) Add story-line reveals (200 mm deep, 60–120 mm tall bands) and panel flutes (15–25 mm deep) as negative extrusions on the panel front face; do not cross panel joints. 4) Extrude each panel solid along −Y by thickness t; apply 10–20 mm edge chamfers to all free edges and to opening returns. 5) Enforce parameter ranges: j ∈ [15,25] mm; t ∈ [120,180] mm (plinth t ∈ [160,220] mm); flute spacing ∈ [300,600] mm; flute width ∈ [80,120] mm; opening sill = 0.9 m, head = 2.5 m; parapet = 0.6 m; base band = 0.45–0.6 m. Output separate geometry layers for panels, joints (voids), openings, reveals, and plinth for clear tectonic reading.",1
R02_concrete,4,concrete,c:\Users\marcr\OneDrive\Documentos\00_MarcRibert\8_Programming\01_Github\MAS_LLM_Workshop_25\experiment_dms26_baseline\_reference_images\R02.jpg,c:\Users\marcr\OneDrive\Documentos\00_MarcRibert\8_Programming\01_Github\MAS_LLM_Workshop_25\experiment_dms26_baseline\R02_concrete\04_render.png,1,2,2,1.67,design_concept,"Target: Design task (design concept) — make the task explicitly precast-concrete–specific with clear dimensions, datums, components, and stepwise instructions.

- System + dimensions + datums: Specify a precast concrete panel facade on a 6-bay x 4-story elevation, overall width 21.6 m (bay = 3.6 m) and height 16.8 m (story = 4.2 m). Set front face on Y=0. Define panel thickness t = 0.12–0.18 m (extrude along −Y), joint width j = 15–25 mm (continuous vertical and horizontal). Express floor datums with a 200 mm deep horizontal reveal at each story line, a 450–600 mm base plinth band, and a 600 mm parapet at top. Constrain single-panel max size to one story high and ≤3.6 m wide; align horizontal joints at floor levels.

- Components + articulation (concrete cues): For each typical bay on stories 2–4, define a vision opening 1.8 m W x 1.6 m H centered in bay with sill at 0.9 m and head at 2.5 m; ground story: combine bays 2–3 into a 3.6 m W x 3.2 m H entrance opening. Within each panel, add vertical flutes/reveals: depth 15–25 mm, flute width 80–120 mm, spacing 300–600 mm; keep 60 mm clear from panel edges and 150 mm minimum jambs around openings. Chamfer all panel outer edges and opening returns at 10–20 mm; keep joint arises square. Optional: thicken base plinth panels to t = 0.16–0.22 m and reduce opening count at ground for heavier reading.

- Step-by-step modeling instructions (to be translated 1:1 by the modeling agent): 1) Lay out an XZ grid: bays = 6 at 3.6 m; stories = 4 at 4.2 m; generate panel outlines by offsetting grid lines to leave j on all sides so joints are voids. 2) Carve openings per bay/story rules (sizes/positions above), maintaining ≥150 mm concrete all around; add entrance at bays 2–3, story 1. 3) Add story-line reveals (200 mm deep, 60–120 mm tall bands) and panel flutes (15–25 mm deep) as negative extrusions on the panel front face; do not cross panel joints. 4) Extrude each panel solid along −Y by thickness t; apply 10–20 mm edge chamfers to all free edges and to opening returns. 5) Enforce parameter ranges: j ∈ [15,25] mm; t ∈ [120,180] mm (plinth t ∈ [160,220] mm); flute spacing ∈ [300,600] mm; flute width ∈ [80,120] mm; opening sill = 0.9 m, head = 2.5 m; parapet = 0.6 m; base band = 0.45–0.6 m. Output separate geometry layers for panels, joints (voids), openings, reveals, and plinth for clear tectonic reading.",1
R02_metal,0,metal,c:\Users\marcr\OneDrive\Documentos\00_MarcRibert\8_Programming\01_Github\MAS_LLM_Workshop_25\experiment_dms26_baseline\_reference_images\R02.jpg,c:\Users\marcr\OneDrive\Documentos\00_MarcRibert\8_Programming\01_Github\MAS_LLM_Workshop_25\experiment_dms26_baseline\R02_metal\00_render.png,2,3,1,2.0,design_concept,"- Fix the metal system and dimensions: Use a pressed aluminum rainscreen cassette system with hemmed edges and open joints. Constrain panel width = 300–1200 mm (increments of 50 mm), panel height = 400–1800 mm; joint/reveal = 12–18 mm; panel thickness = 2–3 mm; return/hem depth = 35–45 mm along −Y; air gap = 25–40 mm; subframe (T/L) rail depth = 40–60 mm. Enforce continuous base and top bands (150–250 mm tall) and a perimeter frame (50–100 mm) where no panels are cut.
- Impose subframe and composition rules: Vertical rails at 600–1200 mm o.c. snapped to panel vertical joints; optional horizontal rails at story lines (story_height param, e.g., 3.0–3.5 m). Cluster voids into readable openings: windows 1.2–1.8 m W x 1.2–1.6 m H; doors 1.0–1.2 m W x 2.1–2.3 m H with a 150+ mm lintel band. Prohibit isolated single panels and overhangs; require continuous base/top courses and corner solutions (return-as-corner cassettes or trim profiles) so panels always terminate on rails or frame.
- Convert to explicit modeling steps/params: Inputs = facade_width, facade_height, story_height, rail_spacing, panel_w_range, panel_h_range, reveal_w, return_d, air_gap, panel_thk, base_band_h, top_band_h, perimeter_frame_w, opening_specs, depth_variation (0–25 mm). Steps: (1) Build facade field on XZ; carve base/top/perimeter bands. (2) Lay out vertical (and optional horizontal) rails; extrude to rail depth. (3) Panelize remaining field to admissible panel sizes; insert reveals as negative gaps. (4) For each panel, generate thin sheet on XZ, offset edges for 10–15 mm hems and fold returns by return_d along −Y; optionally offset panel by ±depth_variation for relief. (5) Handle corners as folded corner cassettes or trims. (6) Place openings by removing panels per opening_specs, preserving reveals at jamb/sill/head. (7) Output on layers: backing_wall, rails_V, rails_H, reveals, cassettes, corner_pieces, openings for clear tectonic reading.",1
R02_metal,1,metal,c:\Users\marcr\OneDrive\Documentos\00_MarcRibert\8_Programming\01_Github\MAS_LLM_Workshop_25\experiment_dms26_baseline\_reference_images\R02.jpg,c:\Users\marcr\OneDrive\Documentos\00_MarcRibert\8_Programming\01_Github\MAS_LLM_Workshop_25\experiment_dms26_baseline\R02_metal\01_render.png,2,3,1,2.0,design_concept,"- Fix the metal system and dimensions: Use a pressed aluminum rainscreen cassette system with hemmed edges and open joints. Constrain panel width = 300–1200 mm (increments of 50 mm), panel height = 400–1800 mm; joint/reveal = 12–18 mm; panel thickness = 2–3 mm; return/hem depth = 35–45 mm along −Y; air gap = 25–40 mm; subframe (T/L) rail depth = 40–60 mm. Enforce continuous base and top bands (150–250 mm tall) and a perimeter frame (50–100 mm) where no panels are cut.
- Impose subframe and composition rules: Vertical rails at 600–1200 mm o.c. snapped to panel vertical joints; optional horizontal rails at story lines (story_height param, e.g., 3.0–3.5 m). Cluster voids into readable openings: windows 1.2–1.8 m W x 1.2–1.6 m H; doors 1.0–1.2 m W x 2.1–2.3 m H with a 150+ mm lintel band. Prohibit isolated single panels and overhangs; require continuous base/top courses and corner solutions (return-as-corner cassettes or trim profiles) so panels always terminate on rails or frame.
- Convert to explicit modeling steps/params: Inputs = facade_width, facade_height, story_height, rail_spacing, panel_w_range, panel_h_range, reveal_w, return_d, air_gap, panel_thk, base_band_h, top_band_h, perimeter_frame_w, opening_specs, depth_variation (0–25 mm). Steps: (1) Build facade field on XZ; carve base/top/perimeter bands. (2) Lay out vertical (and optional horizontal) rails; extrude to rail depth. (3) Panelize remaining field to admissible panel sizes; insert reveals as negative gaps. (4) For each panel, generate thin sheet on XZ, offset edges for 10–15 mm hems and fold returns by return_d along −Y; optionally offset panel by ±depth_variation for relief. (5) Handle corners as folded corner cassettes or trims. (6) Place openings by removing panels per opening_specs, preserving reveals at jamb/sill/head. (7) Output on layers: backing_wall, rails_V, rails_H, reveals, cassettes, corner_pieces, openings for clear tectonic reading.",1
R02_metal,2,metal,c:\Users\marcr\OneDrive\Documentos\00_MarcRibert\8_Programming\01_Github\MAS_LLM_Workshop_25\experiment_dms26_baseline\_reference_images\R02.jpg,c:\Users\marcr\OneDrive\Documentos\00_MarcRibert\8_Programming\01_Github\MAS_LLM_Workshop_25\experiment_dms26_baseline\R02_metal\02_render.png,2,3,1,2.0,design_concept,"- Fix the metal system and dimensions: Use a pressed aluminum rainscreen cassette system with hemmed edges and open joints. Constrain panel width = 300–1200 mm (increments of 50 mm), panel height = 400–1800 mm; joint/reveal = 12–18 mm; panel thickness = 2–3 mm; return/hem depth = 35–45 mm along −Y; air gap = 25–40 mm; subframe (T/L) rail depth = 40–60 mm. Enforce continuous base and top bands (150–250 mm tall) and a perimeter frame (50–100 mm) where no panels are cut.
- Impose subframe and composition rules: Vertical rails at 600–1200 mm o.c. snapped to panel vertical joints; optional horizontal rails at story lines (story_height param, e.g., 3.0–3.5 m). Cluster voids into readable openings: windows 1.2–1.8 m W x 1.2–1.6 m H; doors 1.0–1.2 m W x 2.1–2.3 m H with a 150+ mm lintel band. Prohibit isolated single panels and overhangs; require continuous base/top courses and corner solutions (return-as-corner cassettes or trim profiles) so panels always terminate on rails or frame.
- Convert to explicit modeling steps/params: Inputs = facade_width, facade_height, story_height, rail_spacing, panel_w_range, panel_h_range, reveal_w, return_d, air_gap, panel_thk, base_band_h, top_band_h, perimeter_frame_w, opening_specs, depth_variation (0–25 mm). Steps: (1) Build facade field on XZ; carve base/top/perimeter bands. (2) Lay out vertical (and optional horizontal) rails; extrude to rail depth. (3) Panelize remaining field to admissible panel sizes; insert reveals as negative gaps. (4) For each panel, generate thin sheet on XZ, offset edges for 10–15 mm hems and fold returns by return_d along −Y; optionally offset panel by ±depth_variation for relief. (5) Handle corners as folded corner cassettes or trims. (6) Place openings by removing panels per opening_specs, preserving reveals at jamb/sill/head. (7) Output on layers: backing_wall, rails_V, rails_H, reveals, cassettes, corner_pieces, openings for clear tectonic reading.",1
R02_metal,3,metal,c:\Users\marcr\OneDrive\Documentos\00_MarcRibert\8_Programming\01_Github\MAS_LLM_Workshop_25\experiment_dms26_baseline\_reference_images\R02.jpg,c:\Users\marcr\OneDrive\Documentos\00_MarcRibert\8_Programming\01_Github\MAS_LLM_Workshop_25\experiment_dms26_baseline\R02_metal\03_render.png,2,3,1,2.0,design_concept,"- Fix the metal system and dimensions: Use a pressed aluminum rainscreen cassette system with hemmed edges and open joints. Constrain panel width = 300–1200 mm (increments of 50 mm), panel height = 400–1800 mm; joint/reveal = 12–18 mm; panel thickness = 2–3 mm; return/hem depth = 35–45 mm along −Y; air gap = 25–40 mm; subframe (T/L) rail depth = 40–60 mm. Enforce continuous base and top bands (150–250 mm tall) and a perimeter frame (50–100 mm) where no panels are cut.
- Impose subframe and composition rules: Vertical rails at 600–1200 mm o.c. snapped to panel vertical joints; optional horizontal rails at story lines (story_height param, e.g., 3.0–3.5 m). Cluster voids into readable openings: windows 1.2–1.8 m W x 1.2–1.6 m H; doors 1.0–1.2 m W x 2.1–2.3 m H with a 150+ mm lintel band. Prohibit isolated single panels and overhangs; require continuous base/top courses and corner solutions (return-as-corner cassettes or trim profiles) so panels always terminate on rails or frame.
- Convert to explicit modeling steps/params: Inputs = facade_width, facade_height, story_height, rail_spacing, panel_w_range, panel_h_range, reveal_w, return_d, air_gap, panel_thk, base_band_h, top_band_h, perimeter_frame_w, opening_specs, depth_variation (0–25 mm). Steps: (1) Build facade field on XZ; carve base/top/perimeter bands. (2) Lay out vertical (and optional horizontal) rails; extrude to rail depth. (3) Panelize remaining field to admissible panel sizes; insert reveals as negative gaps. (4) For each panel, generate thin sheet on XZ, offset edges for 10–15 mm hems and fold returns by return_d along −Y; optionally offset panel by ±depth_variation for relief. (5) Handle corners as folded corner cassettes or trims. (6) Place openings by removing panels per opening_specs, preserving reveals at jamb/sill/head. (7) Output on layers: backing_wall, rails_V, rails_H, reveals, cassettes, corner_pieces, openings for clear tectonic reading.",1
R02_metal,4,metal,c:\Users\marcr\OneDrive\Documentos\00_MarcRibert\8_Programming\01_Github\MAS_LLM_Workshop_25\experiment_dms26_baseline\_reference_images\R02.jpg,c:\Users\marcr\OneDrive\Documentos\00_MarcRibert\8_Programming\01_Github\MAS_LLM_Workshop_25\experiment_dms26_baseline\R02_metal\04_render.png,2,3,1,2.0,design_concept,"- Fix the metal system and dimensions: Use a pressed aluminum rainscreen cassette system with hemmed edges and open joints. Constrain panel width = 300–1200 mm (increments of 50 mm), panel height = 400–1800 mm; joint/reveal = 12–18 mm; panel thickness = 2–3 mm; return/hem depth = 35–45 mm along −Y; air gap = 25–40 mm; subframe (T/L) rail depth = 40–60 mm. Enforce continuous base and top bands (150–250 mm tall) and a perimeter frame (50–100 mm) where no panels are cut.
- Impose subframe and composition rules: Vertical rails at 600–1200 mm o.c. snapped to panel vertical joints; optional horizontal rails at story lines (story_height param, e.g., 3.0–3.5 m). Cluster voids into readable openings: windows 1.2–1.8 m W x 1.2–1.6 m H; doors 1.0–1.2 m W x 2.1–2.3 m H with a 150+ mm lintel band. Prohibit isolated single panels and overhangs; require continuous base/top courses and corner solutions (return-as-corner cassettes or trim profiles) so panels always terminate on rails or frame.
- Convert to explicit modeling steps/params: Inputs = facade_width, facade_height, story_height, rail_spacing, panel_w_range, panel_h_range, reveal_w, return_d, air_gap, panel_thk, base_band_h, top_band_h, perimeter_frame_w, opening_specs, depth_variation (0–25 mm). Steps: (1) Build facade field on XZ; carve base/top/perimeter bands. (2) Lay out vertical (and optional horizontal) rails; extrude to rail depth. (3) Panelize remaining field to admissible panel sizes; insert reveals as negative gaps. (4) For each panel, generate thin sheet on XZ, offset edges for 10–15 mm hems and fold returns by return_d along −Y; optionally offset panel by ±depth_variation for relief. (5) Handle corners as folded corner cassettes or trims. (6) Place openings by removing panels per opening_specs, preserving reveals at jamb/sill/head. (7) Output on layers: backing_wall, rails_V, rails_H, reveals, cassettes, corner_pieces, openings for clear tectonic reading.",1
R02_stone,0,stone,c:\Users\marcr\OneDrive\Documentos\00_MarcRibert\8_Programming\01_Github\MAS_LLM_Workshop_25\experiment_dms26_baseline\_reference_images\R02.jpg,c:\Users\marcr\OneDrive\Documentos\00_MarcRibert\8_Programming\01_Github\MAS_LLM_Workshop_25\experiment_dms26_baseline\R02_stone\00_render.png,1,2,1,1.33,design_concept,"Target the design_task_agent. Refine the brief to encode stone-specific tectonics, clear dimensions, and rule-based opening logic so the modeling function can express stone assembly credibly.

- Dimensions and stone module: Declare a load-bearing ashlar system using 600x300x200 mm blocks (LxHxT) with 12–15 mm mortar joints; courses = 315 mm. Set facade width = 12–18 m and height = 2–4 stories defined by 9 courses per story. Wall thickness = 200 mm. Include a base plinth = 2 courses (≈630 mm) with 20–30 mm rustication offset, and a belt/cornice band = 1 course with 60–80 mm projection at each story.

- Facade system and openings (rule-based): Use running bond with half-block stagger; header course every 5th course. Openings must snap to the stone grid: window widths = 2–3 blocks (≈1200–1800 mm), heights = 4–6 courses (≈1.26–1.89 m); sills at 2–3 courses; heads align to a course. Minimum pier = 1 full block (600 mm). Ground-floor door = 3–4 blocks wide by 10–12 courses high. All openings require 1-block-deep lintels (or arches) spanning width + 1 joint each side; add jamb returns 80–100 mm, sills projecting 40–60 mm. Target solid-to-void per story = 20–35%.

- Step-by-step task instructions: (1) Generate a continuous wall surface (XZ plane) and extrude to T=200 mm; (2) Subdivide Z into courses and X into block lengths including joints; (3) Populate stones in running bond; insert header courses every 5th; (4) Place openings snapped to the grid; enforce min pier and span rules; (5) Insert lintel blocks, sill slabs, and jamb quoining; (6) Apply rustication offsets to plinth and quoins; (7) Add belt/cornice bands at story lines; (8) Output separate Breps for wall mass, blocks, joints, openings, trim for clarity.",1
R02_stone,1,stone,c:\Users\marcr\OneDrive\Documentos\00_MarcRibert\8_Programming\01_Github\MAS_LLM_Workshop_25\experiment_dms26_baseline\_reference_images\R02.jpg,c:\Users\marcr\OneDrive\Documentos\00_MarcRibert\8_Programming\01_Github\MAS_LLM_Workshop_25\experiment_dms26_baseline\R02_stone\01_render.png,1,2,1,1.33,design_concept,"Target the design_task_agent. Refine the brief to encode stone-specific tectonics, clear dimensions, and rule-based opening logic so the modeling function can express stone assembly credibly.

- Dimensions and stone module: Declare a load-bearing ashlar system using 600x300x200 mm blocks (LxHxT) with 12–15 mm mortar joints; courses = 315 mm. Set facade width = 12–18 m and height = 2–4 stories defined by 9 courses per story. Wall thickness = 200 mm. Include a base plinth = 2 courses (≈630 mm) with 20–30 mm rustication offset, and a belt/cornice band = 1 course with 60–80 mm projection at each story.

- Facade system and openings (rule-based): Use running bond with half-block stagger; header course every 5th course. Openings must snap to the stone grid: window widths = 2–3 blocks (≈1200–1800 mm), heights = 4–6 courses (≈1.26–1.89 m); sills at 2–3 courses; heads align to a course. Minimum pier = 1 full block (600 mm). Ground-floor door = 3–4 blocks wide by 10–12 courses high. All openings require 1-block-deep lintels (or arches) spanning width + 1 joint each side; add jamb returns 80–100 mm, sills projecting 40–60 mm. Target solid-to-void per story = 20–35%.

- Step-by-step task instructions: (1) Generate a continuous wall surface (XZ plane) and extrude to T=200 mm; (2) Subdivide Z into courses and X into block lengths including joints; (3) Populate stones in running bond; insert header courses every 5th; (4) Place openings snapped to the grid; enforce min pier and span rules; (5) Insert lintel blocks, sill slabs, and jamb quoining; (6) Apply rustication offsets to plinth and quoins; (7) Add belt/cornice bands at story lines; (8) Output separate Breps for wall mass, blocks, joints, openings, trim for clarity.",1
R02_stone,2,stone,c:\Users\marcr\OneDrive\Documentos\00_MarcRibert\8_Programming\01_Github\MAS_LLM_Workshop_25\experiment_dms26_baseline\_reference_images\R02.jpg,c:\Users\marcr\OneDrive\Documentos\00_MarcRibert\8_Programming\01_Github\MAS_LLM_Workshop_25\experiment_dms26_baseline\R02_stone\02_render.png,1,2,1,1.33,design_concept,"Target the design_task_agent. Refine the brief to encode stone-specific tectonics, clear dimensions, and rule-based opening logic so the modeling function can express stone assembly credibly.

- Dimensions and stone module: Declare a load-bearing ashlar system using 600x300x200 mm blocks (LxHxT) with 12–15 mm mortar joints; courses = 315 mm. Set facade width = 12–18 m and height = 2–4 stories defined by 9 courses per story. Wall thickness = 200 mm. Include a base plinth = 2 courses (≈630 mm) with 20–30 mm rustication offset, and a belt/cornice band = 1 course with 60–80 mm projection at each story.

- Facade system and openings (rule-based): Use running bond with half-block stagger; header course every 5th course. Openings must snap to the stone grid: window widths = 2–3 blocks (≈1200–1800 mm), heights = 4–6 courses (≈1.26–1.89 m); sills at 2–3 courses; heads align to a course. Minimum pier = 1 full block (600 mm). Ground-floor door = 3–4 blocks wide by 10–12 courses high. All openings require 1-block-deep lintels (or arches) spanning width + 1 joint each side; add jamb returns 80–100 mm, sills projecting 40–60 mm. Target solid-to-void per story = 20–35%.

- Step-by-step task instructions: (1) Generate a continuous wall surface (XZ plane) and extrude to T=200 mm; (2) Subdivide Z into courses and X into block lengths including joints; (3) Populate stones in running bond; insert header courses every 5th; (4) Place openings snapped to the grid; enforce min pier and span rules; (5) Insert lintel blocks, sill slabs, and jamb quoining; (6) Apply rustication offsets to plinth and quoins; (7) Add belt/cornice bands at story lines; (8) Output separate Breps for wall mass, blocks, joints, openings, trim for clarity.",1
R02_stone,3,stone,c:\Users\marcr\OneDrive\Documentos\00_MarcRibert\8_Programming\01_Github\MAS_LLM_Workshop_25\experiment_dms26_baseline\_reference_images\R02.jpg,c:\Users\marcr\OneDrive\Documentos\00_MarcRibert\8_Programming\01_Github\MAS_LLM_Workshop_25\experiment_dms26_baseline\R02_stone\03_render.png,1,2,1,1.33,design_concept,"Target the design_task_agent. Refine the brief to encode stone-specific tectonics, clear dimensions, and rule-based opening logic so the modeling function can express stone assembly credibly.

- Dimensions and stone module: Declare a load-bearing ashlar system using 600x300x200 mm blocks (LxHxT) with 12–15 mm mortar joints; courses = 315 mm. Set facade width = 12–18 m and height = 2–4 stories defined by 9 courses per story. Wall thickness = 200 mm. Include a base plinth = 2 courses (≈630 mm) with 20–30 mm rustication offset, and a belt/cornice band = 1 course with 60–80 mm projection at each story.

- Facade system and openings (rule-based): Use running bond with half-block stagger; header course every 5th course. Openings must snap to the stone grid: window widths = 2–3 blocks (≈1200–1800 mm), heights = 4–6 courses (≈1.26–1.89 m); sills at 2–3 courses; heads align to a course. Minimum pier = 1 full block (600 mm). Ground-floor door = 3–4 blocks wide by 10–12 courses high. All openings require 1-block-deep lintels (or arches) spanning width + 1 joint each side; add jamb returns 80–100 mm, sills projecting 40–60 mm. Target solid-to-void per story = 20–35%.

- Step-by-step task instructions: (1) Generate a continuous wall surface (XZ plane) and extrude to T=200 mm; (2) Subdivide Z into courses and X into block lengths including joints; (3) Populate stones in running bond; insert header courses every 5th; (4) Place openings snapped to the grid; enforce min pier and span rules; (5) Insert lintel blocks, sill slabs, and jamb quoining; (6) Apply rustication offsets to plinth and quoins; (7) Add belt/cornice bands at story lines; (8) Output separate Breps for wall mass, blocks, joints, openings, trim for clarity.",1
R02_stone,4,stone,c:\Users\marcr\OneDrive\Documentos\00_MarcRibert\8_Programming\01_Github\MAS_LLM_Workshop_25\experiment_dms26_baseline\_reference_images\R02.jpg,c:\Users\marcr\OneDrive\Documentos\00_MarcRibert\8_Programming\01_Github\MAS_LLM_Workshop_25\experiment_dms26_baseline\R02_stone\04_render.png,1,2,1,1.33,design_concept,"Target the design_task_agent. Refine the brief to encode stone-specific tectonics, clear dimensions, and rule-based opening logic so the modeling function can express stone assembly credibly.

- Dimensions and stone module: Declare a load-bearing ashlar system using 600x300x200 mm blocks (LxHxT) with 12–15 mm mortar joints; courses = 315 mm. Set facade width = 12–18 m and height = 2–4 stories defined by 9 courses per story. Wall thickness = 200 mm. Include a base plinth = 2 courses (≈630 mm) with 20–30 mm rustication offset, and a belt/cornice band = 1 course with 60–80 mm projection at each story.

- Facade system and openings (rule-based): Use running bond with half-block stagger; header course every 5th course. Openings must snap to the stone grid: window widths = 2–3 blocks (≈1200–1800 mm), heights = 4–6 courses (≈1.26–1.89 m); sills at 2–3 courses; heads align to a course. Minimum pier = 1 full block (600 mm). Ground-floor door = 3–4 blocks wide by 10–12 courses high. All openings require 1-block-deep lintels (or arches) spanning width + 1 joint each side; add jamb returns 80–100 mm, sills projecting 40–60 mm. Target solid-to-void per story = 20–35%.

- Step-by-step task instructions: (1) Generate a continuous wall surface (XZ plane) and extrude to T=200 mm; (2) Subdivide Z into courses and X into block lengths including joints; (3) Populate stones in running bond; insert header courses every 5th; (4) Place openings snapped to the grid; enforce min pier and span rules; (5) Insert lintel blocks, sill slabs, and jamb quoining; (6) Apply rustication offsets to plinth and quoins; (7) Add belt/cornice bands at story lines; (8) Output separate Breps for wall mass, blocks, joints, openings, trim for clarity.",1
R02_timber,0,timber,c:\Users\marcr\OneDrive\Documentos\00_MarcRibert\8_Programming\01_Github\MAS_LLM_Workshop_25\experiment_dms26_baseline\_reference_images\R02.jpg,c:\Users\marcr\OneDrive\Documentos\00_MarcRibert\8_Programming\01_Github\MAS_LLM_Workshop_25\experiment_dms26_baseline\R02_timber\00_render.png,2,4,2,2.67,design_concept,"Prioritize the design_task_agent to inject timber-specific dimensions, systems, and step logic.
- Dimensions and grids (form/space anchors): Set facade_width W=18–30 m; floors=3 with floor_to_floor F=3.6 m; bay_width Bw=3.0 m (Bx = floor(W/Bw)); base_plinth Hp=0.45 m. Primary members: posts 140x300 mm at every bay line and corners; beams 120x360 mm at each floor level; tolerance for member depth ±10%.
- Facade system and components (tectonic hierarchy): Primary post-and-beam; secondary horizontal girts 45x90 mm @ 0.6 m o.c.; rainscreen cladding of vertical boards board_w=110–160 mm, board_t=20–22 mm, gap=6–10 mm; battens 40x20 mm over board joints; cavity 25 mm; total cladding build-up 85–120 mm. Openings constrained to bay clear width (between posts) and floor band (between beams); window frame 70x120 mm; reveal depth 40–60 mm; sill height 0.9 m, head aligns to beam soffit.
- Step-by-step modeling instructions (scriptable): 1) Generate XZ grid: posts on X at bay lines, beams on Z at floors; place members as rectangular extrusions in +Y. 2) Add girts as horizontal rails on each bay face (behind cladding) with spacing girt_oc=0.6 m. 3) Array vertical boards across each bay: parameterize board_w and gap; stagger vertical joints by ≥400 mm; trim boards at openings and add 20 mm board returns. 4) Cut rectangular windows only within bay clear spans; place frames/sills/heads with given profiles and reveal depth. 5) Optional louver screen per selected bays: slat 50x150 mm, spacing 150–200 mm, angle 25–35°, offset 60–90 mm from cladding. Ensure Z=up, facade on XZ, all cladding extruded +Y by cladding_depth.",3
R02_timber,1,timber,c:\Users\marcr\OneDrive\Documentos\00_MarcRibert\8_Programming\01_Github\MAS_LLM_Workshop_25\experiment_dms26_baseline\_reference_images\R02.jpg,c:\Users\marcr\OneDrive\Documentos\00_MarcRibert\8_Programming\01_Github\MAS_LLM_Workshop_25\experiment_dms26_baseline\R02_timber\01_render.png,2,4,2,2.67,design_concept,"Prioritize the design_task_agent to inject timber-specific dimensions, systems, and step logic.
- Dimensions and grids (form/space anchors): Set facade_width W=18–30 m; floors=3 with floor_to_floor F=3.6 m; bay_width Bw=3.0 m (Bx = floor(W/Bw)); base_plinth Hp=0.45 m. Primary members: posts 140x300 mm at every bay line and corners; beams 120x360 mm at each floor level; tolerance for member depth ±10%.
- Facade system and components (tectonic hierarchy): Primary post-and-beam; secondary horizontal girts 45x90 mm @ 0.6 m o.c.; rainscreen cladding of vertical boards board_w=110–160 mm, board_t=20–22 mm, gap=6–10 mm; battens 40x20 mm over board joints; cavity 25 mm; total cladding build-up 85–120 mm. Openings constrained to bay clear width (between posts) and floor band (between beams); window frame 70x120 mm; reveal depth 40–60 mm; sill height 0.9 m, head aligns to beam soffit.
- Step-by-step modeling instructions (scriptable): 1) Generate XZ grid: posts on X at bay lines, beams on Z at floors; place members as rectangular extrusions in +Y. 2) Add girts as horizontal rails on each bay face (behind cladding) with spacing girt_oc=0.6 m. 3) Array vertical boards across each bay: parameterize board_w and gap; stagger vertical joints by ≥400 mm; trim boards at openings and add 20 mm board returns. 4) Cut rectangular windows only within bay clear spans; place frames/sills/heads with given profiles and reveal depth. 5) Optional louver screen per selected bays: slat 50x150 mm, spacing 150–200 mm, angle 25–35°, offset 60–90 mm from cladding. Ensure Z=up, facade on XZ, all cladding extruded +Y by cladding_depth.",3
R02_timber,2,timber,c:\Users\marcr\OneDrive\Documentos\00_MarcRibert\8_Programming\01_Github\MAS_LLM_Workshop_25\experiment_dms26_baseline\_reference_images\R02.jpg,c:\Users\marcr\OneDrive\Documentos\00_MarcRibert\8_Programming\01_Github\MAS_LLM_Workshop_25\experiment_dms26_baseline\R02_timber\02_render.png,2,4,2,2.67,design_concept,"Prioritize the design_task_agent to inject timber-specific dimensions, systems, and step logic.
- Dimensions and grids (form/space anchors): Set facade_width W=18–30 m; floors=3 with floor_to_floor F=3.6 m; bay_width Bw=3.0 m (Bx = floor(W/Bw)); base_plinth Hp=0.45 m. Primary members: posts 140x300 mm at every bay line and corners; beams 120x360 mm at each floor level; tolerance for member depth ±10%.
- Facade system and components (tectonic hierarchy): Primary post-and-beam; secondary horizontal girts 45x90 mm @ 0.6 m o.c.; rainscreen cladding of vertical boards board_w=110–160 mm, board_t=20–22 mm, gap=6–10 mm; battens 40x20 mm over board joints; cavity 25 mm; total cladding build-up 85–120 mm. Openings constrained to bay clear width (between posts) and floor band (between beams); window frame 70x120 mm; reveal depth 40–60 mm; sill height 0.9 m, head aligns to beam soffit.
- Step-by-step modeling instructions (scriptable): 1) Generate XZ grid: posts on X at bay lines, beams on Z at floors; place members as rectangular extrusions in +Y. 2) Add girts as horizontal rails on each bay face (behind cladding) with spacing girt_oc=0.6 m. 3) Array vertical boards across each bay: parameterize board_w and gap; stagger vertical joints by ≥400 mm; trim boards at openings and add 20 mm board returns. 4) Cut rectangular windows only within bay clear spans; place frames/sills/heads with given profiles and reveal depth. 5) Optional louver screen per selected bays: slat 50x150 mm, spacing 150–200 mm, angle 25–35°, offset 60–90 mm from cladding. Ensure Z=up, facade on XZ, all cladding extruded +Y by cladding_depth.",3
R02_timber,3,timber,c:\Users\marcr\OneDrive\Documentos\00_MarcRibert\8_Programming\01_Github\MAS_LLM_Workshop_25\experiment_dms26_baseline\_reference_images\R02.jpg,c:\Users\marcr\OneDrive\Documentos\00_MarcRibert\8_Programming\01_Github\MAS_LLM_Workshop_25\experiment_dms26_baseline\R02_timber\03_render.png,2,4,2,2.67,design_concept,"Prioritize the design_task_agent to inject timber-specific dimensions, systems, and step logic.
- Dimensions and grids (form/space anchors): Set facade_width W=18–30 m; floors=3 with floor_to_floor F=3.6 m; bay_width Bw=3.0 m (Bx = floor(W/Bw)); base_plinth Hp=0.45 m. Primary members: posts 140x300 mm at every bay line and corners; beams 120x360 mm at each floor level; tolerance for member depth ±10%.
- Facade system and components (tectonic hierarchy): Primary post-and-beam; secondary horizontal girts 45x90 mm @ 0.6 m o.c.; rainscreen cladding of vertical boards board_w=110–160 mm, board_t=20–22 mm, gap=6–10 mm; battens 40x20 mm over board joints; cavity 25 mm; total cladding build-up 85–120 mm. Openings constrained to bay clear width (between posts) and floor band (between beams); window frame 70x120 mm; reveal depth 40–60 mm; sill height 0.9 m, head aligns to beam soffit.
- Step-by-step modeling instructions (scriptable): 1) Generate XZ grid: posts on X at bay lines, beams on Z at floors; place members as rectangular extrusions in +Y. 2) Add girts as horizontal rails on each bay face (behind cladding) with spacing girt_oc=0.6 m. 3) Array vertical boards across each bay: parameterize board_w and gap; stagger vertical joints by ≥400 mm; trim boards at openings and add 20 mm board returns. 4) Cut rectangular windows only within bay clear spans; place frames/sills/heads with given profiles and reveal depth. 5) Optional louver screen per selected bays: slat 50x150 mm, spacing 150–200 mm, angle 25–35°, offset 60–90 mm from cladding. Ensure Z=up, facade on XZ, all cladding extruded +Y by cladding_depth.",3
R02_timber,4,timber,c:\Users\marcr\OneDrive\Documentos\00_MarcRibert\8_Programming\01_Github\MAS_LLM_Workshop_25\experiment_dms26_baseline\_reference_images\R02.jpg,c:\Users\marcr\OneDrive\Documentos\00_MarcRibert\8_Programming\01_Github\MAS_LLM_Workshop_25\experiment_dms26_baseline\R02_timber\04_render.png,2,4,2,2.67,design_concept,"Prioritize the design_task_agent to inject timber-specific dimensions, systems, and step logic.
- Dimensions and grids (form/space anchors): Set facade_width W=18–30 m; floors=3 with floor_to_floor F=3.6 m; bay_width Bw=3.0 m (Bx = floor(W/Bw)); base_plinth Hp=0.45 m. Primary members: posts 140x300 mm at every bay line and corners; beams 120x360 mm at each floor level; tolerance for member depth ±10%.
- Facade system and components (tectonic hierarchy): Primary post-and-beam; secondary horizontal girts 45x90 mm @ 0.6 m o.c.; rainscreen cladding of vertical boards board_w=110–160 mm, board_t=20–22 mm, gap=6–10 mm; battens 40x20 mm over board joints; cavity 25 mm; total cladding build-up 85–120 mm. Openings constrained to bay clear width (between posts) and floor band (between beams); window frame 70x120 mm; reveal depth 40–60 mm; sill height 0.9 m, head aligns to beam soffit.
- Step-by-step modeling instructions (scriptable): 1) Generate XZ grid: posts on X at bay lines, beams on Z at floors; place members as rectangular extrusions in +Y. 2) Add girts as horizontal rails on each bay face (behind cladding) with spacing girt_oc=0.6 m. 3) Array vertical boards across each bay: parameterize board_w and gap; stagger vertical joints by ≥400 mm; trim boards at openings and add 20 mm board returns. 4) Cut rectangular windows only within bay clear spans; place frames/sills/heads with given profiles and reveal depth. 5) Optional louver screen per selected bays: slat 50x150 mm, spacing 150–200 mm, angle 25–35°, offset 60–90 mm from cladding. Ensure Z=up, facade on XZ, all cladding extruded +Y by cladding_depth.",3
R03_clay,0,clay,c:\Users\marcr\OneDrive\Documentos\00_MarcRibert\8_Programming\01_Github\MAS_LLM_Workshop_25\experiment_dms26_baseline\_reference_images\R03.png,c:\Users\marcr\OneDrive\Documentos\00_MarcRibert\8_Programming\01_Github\MAS_LLM_Workshop_25\experiment_dms26_baseline\R03_clay\00_render.png,2,3,2,2.33,design_concept,"- Declare a clay system and snap to a module grid: use coursed brick/terracotta with corbelling; brick 215x102.5x65 mm + 10 mm joints → course height = 75 mm; snap all story heights and bay widths to integer course/brick multiples; set per‑course horizontal corbel limit ≤ half‑brick; define control joints every 6–8 m (or every N bricks).
- Encode façade composition as parameters: num_stories; story_height_in_courses; num_bays; bay_width_in_bricks; window_width_in_bricks; window_height_in_courses; sill_height_in_courses; lintel_type (flat/segmental/arched) and springing_course; recess_depth_in_courses; balcony_band_every_n_stories with band_thickness_in_courses and projection_in_bricks; plinth_height_in_courses and parapet_height_in_courses.
- Step-by-step modeling brief: derive a sinusoidal guide for target depth; for each course k, compute x‑offset from the guide and clamp to corbel_limit, generate stepped course polylines and extrude to thickness (Y = 102.5 mm + joint); clip courses around openings and place lintels/arches; insert vertical control joints at the set spacing; output discrete Breps per course/brick with explicit bed/perpend joints.",1
R03_clay,1,clay,c:\Users\marcr\OneDrive\Documentos\00_MarcRibert\8_Programming\01_Github\MAS_LLM_Workshop_25\experiment_dms26_baseline\_reference_images\R03.png,c:\Users\marcr\OneDrive\Documentos\00_MarcRibert\8_Programming\01_Github\MAS_LLM_Workshop_25\experiment_dms26_baseline\R03_clay\01_render.png,2,3,2,2.33,design_concept,"- Declare a clay system and snap to a module grid: use coursed brick/terracotta with corbelling; brick 215x102.5x65 mm + 10 mm joints → course height = 75 mm; snap all story heights and bay widths to integer course/brick multiples; set per‑course horizontal corbel limit ≤ half‑brick; define control joints every 6–8 m (or every N bricks).
- Encode façade composition as parameters: num_stories; story_height_in_courses; num_bays; bay_width_in_bricks; window_width_in_bricks; window_height_in_courses; sill_height_in_courses; lintel_type (flat/segmental/arched) and springing_course; recess_depth_in_courses; balcony_band_every_n_stories with band_thickness_in_courses and projection_in_bricks; plinth_height_in_courses and parapet_height_in_courses.
- Step-by-step modeling brief: derive a sinusoidal guide for target depth; for each course k, compute x‑offset from the guide and clamp to corbel_limit, generate stepped course polylines and extrude to thickness (Y = 102.5 mm + joint); clip courses around openings and place lintels/arches; insert vertical control joints at the set spacing; output discrete Breps per course/brick with explicit bed/perpend joints.",1
R03_clay,2,clay,c:\Users\marcr\OneDrive\Documentos\00_MarcRibert\8_Programming\01_Github\MAS_LLM_Workshop_25\experiment_dms26_baseline\_reference_images\R03.png,c:\Users\marcr\OneDrive\Documentos\00_MarcRibert\8_Programming\01_Github\MAS_LLM_Workshop_25\experiment_dms26_baseline\R03_clay\02_render.png,2,3,2,2.33,design_concept,"- Declare a clay system and snap to a module grid: use coursed brick/terracotta with corbelling; brick 215x102.5x65 mm + 10 mm joints → course height = 75 mm; snap all story heights and bay widths to integer course/brick multiples; set per‑course horizontal corbel limit ≤ half‑brick; define control joints every 6–8 m (or every N bricks).
- Encode façade composition as parameters: num_stories; story_height_in_courses; num_bays; bay_width_in_bricks; window_width_in_bricks; window_height_in_courses; sill_height_in_courses; lintel_type (flat/segmental/arched) and springing_course; recess_depth_in_courses; balcony_band_every_n_stories with band_thickness_in_courses and projection_in_bricks; plinth_height_in_courses and parapet_height_in_courses.
- Step-by-step modeling brief: derive a sinusoidal guide for target depth; for each course k, compute x‑offset from the guide and clamp to corbel_limit, generate stepped course polylines and extrude to thickness (Y = 102.5 mm + joint); clip courses around openings and place lintels/arches; insert vertical control joints at the set spacing; output discrete Breps per course/brick with explicit bed/perpend joints.",1
R03_clay,3,clay,c:\Users\marcr\OneDrive\Documentos\00_MarcRibert\8_Programming\01_Github\MAS_LLM_Workshop_25\experiment_dms26_baseline\_reference_images\R03.png,c:\Users\marcr\OneDrive\Documentos\00_MarcRibert\8_Programming\01_Github\MAS_LLM_Workshop_25\experiment_dms26_baseline\R03_clay\03_render.png,2,3,2,2.33,design_concept,"- Declare a clay system and snap to a module grid: use coursed brick/terracotta with corbelling; brick 215x102.5x65 mm + 10 mm joints → course height = 75 mm; snap all story heights and bay widths to integer course/brick multiples; set per‑course horizontal corbel limit ≤ half‑brick; define control joints every 6–8 m (or every N bricks).
- Encode façade composition as parameters: num_stories; story_height_in_courses; num_bays; bay_width_in_bricks; window_width_in_bricks; window_height_in_courses; sill_height_in_courses; lintel_type (flat/segmental/arched) and springing_course; recess_depth_in_courses; balcony_band_every_n_stories with band_thickness_in_courses and projection_in_bricks; plinth_height_in_courses and parapet_height_in_courses.
- Step-by-step modeling brief: derive a sinusoidal guide for target depth; for each course k, compute x‑offset from the guide and clamp to corbel_limit, generate stepped course polylines and extrude to thickness (Y = 102.5 mm + joint); clip courses around openings and place lintels/arches; insert vertical control joints at the set spacing; output discrete Breps per course/brick with explicit bed/perpend joints.",1
R03_clay,4,clay,c:\Users\marcr\OneDrive\Documentos\00_MarcRibert\8_Programming\01_Github\MAS_LLM_Workshop_25\experiment_dms26_baseline\_reference_images\R03.png,c:\Users\marcr\OneDrive\Documentos\00_MarcRibert\8_Programming\01_Github\MAS_LLM_Workshop_25\experiment_dms26_baseline\R03_clay\04_render.png,2,3,2,2.33,design_concept,"- Declare a clay system and snap to a module grid: use coursed brick/terracotta with corbelling; brick 215x102.5x65 mm + 10 mm joints → course height = 75 mm; snap all story heights and bay widths to integer course/brick multiples; set per‑course horizontal corbel limit ≤ half‑brick; define control joints every 6–8 m (or every N bricks).
- Encode façade composition as parameters: num_stories; story_height_in_courses; num_bays; bay_width_in_bricks; window_width_in_bricks; window_height_in_courses; sill_height_in_courses; lintel_type (flat/segmental/arched) and springing_course; recess_depth_in_courses; balcony_band_every_n_stories with band_thickness_in_courses and projection_in_bricks; plinth_height_in_courses and parapet_height_in_courses.
- Step-by-step modeling brief: derive a sinusoidal guide for target depth; for each course k, compute x‑offset from the guide and clamp to corbel_limit, generate stepped course polylines and extrude to thickness (Y = 102.5 mm + joint); clip courses around openings and place lintels/arches; insert vertical control joints at the set spacing; output discrete Breps per course/brick with explicit bed/perpend joints.",1
R03_concrete,0,concrete,c:\Users\marcr\OneDrive\Documentos\00_MarcRibert\8_Programming\01_Github\MAS_LLM_Workshop_25\experiment_dms26_baseline\_reference_images\R03.png,c:\Users\marcr\OneDrive\Documentos\00_MarcRibert\8_Programming\01_Github\MAS_LLM_Workshop_25\experiment_dms26_baseline\R03_concrete\00_render.png,2,1,1,1.33,design_modeling,"- Fix geometry creation and depth: loft the two wave polylines into a surface and thicken the surface along +Y/−Y instead of extruding an edge. Replace the edge-extrude with a proper surface-to-solid step (e.g., loft_srf -> loft_brep = loft_srf.ToBrep(); solid = Brep.CreateOffsetBrep(loft_brep, depth/2, tol, true, true) and cap/join). Also remove the '+ z' term from the sine; use sin(2*pi*wave_frequency*t + phase) so wave_amplitude and wave_frequency read in elevation. Increase section sampling to sample_count = max(21, int(x_width * wave_frequency * 4)).
- Encode concrete cast lifts (horizontal bands): add params story_height (3.2–3.6 m), band_thickness (0.15–0.25 m), overhang_max (0.4–0.8 m), recess_max (0.2–0.3 m). Compute num_levels = floor(z_height/story_height); for each level, generate front/back wave curves with level-specific phase and amplitude clamp to overhang/recess ranges; loft each level into a strip (Z from level_z to level_z + band_thickness), then thicken by depth. This yields stratified, stereotomic massing legible as concrete lifts.
- Add panelization, reveals, and openings: introduce module_x (1.2–2.4 m) and place vertical reveals at module lines on both faces (reveal_width 0.02–0.03 m, reveal_depth 0.015–0.025 m). Per level, boolean openings sized window_w 0.8–1.5 m, window_h 1.0–1.6 m, sill_z 0.9–1.1 m to achieve 35–55% void; optionally add balcony slabs as 0.18–0.22 m thick plates at selected bays with balcony_depth 0.6–1.2 m following the wave front edge.",3
R03_concrete,1,concrete,c:\Users\marcr\OneDrive\Documentos\00_MarcRibert\8_Programming\01_Github\MAS_LLM_Workshop_25\experiment_dms26_baseline\_reference_images\R03.png,c:\Users\marcr\OneDrive\Documentos\00_MarcRibert\8_Programming\01_Github\MAS_LLM_Workshop_25\experiment_dms26_baseline\R03_concrete\01_render.png,2,1,1,1.33,design_modeling,"- Fix geometry creation and depth: loft the two wave polylines into a surface and thicken the surface along +Y/−Y instead of extruding an edge. Replace the edge-extrude with a proper surface-to-solid step (e.g., loft_srf -> loft_brep = loft_srf.ToBrep(); solid = Brep.CreateOffsetBrep(loft_brep, depth/2, tol, true, true) and cap/join). Also remove the '+ z' term from the sine; use sin(2*pi*wave_frequency*t + phase) so wave_amplitude and wave_frequency read in elevation. Increase section sampling to sample_count = max(21, int(x_width * wave_frequency * 4)).
- Encode concrete cast lifts (horizontal bands): add params story_height (3.2–3.6 m), band_thickness (0.15–0.25 m), overhang_max (0.4–0.8 m), recess_max (0.2–0.3 m). Compute num_levels = floor(z_height/story_height); for each level, generate front/back wave curves with level-specific phase and amplitude clamp to overhang/recess ranges; loft each level into a strip (Z from level_z to level_z + band_thickness), then thicken by depth. This yields stratified, stereotomic massing legible as concrete lifts.
- Add panelization, reveals, and openings: introduce module_x (1.2–2.4 m) and place vertical reveals at module lines on both faces (reveal_width 0.02–0.03 m, reveal_depth 0.015–0.025 m). Per level, boolean openings sized window_w 0.8–1.5 m, window_h 1.0–1.6 m, sill_z 0.9–1.1 m to achieve 35–55% void; optionally add balcony slabs as 0.18–0.22 m thick plates at selected bays with balcony_depth 0.6–1.2 m following the wave front edge.",3
R03_concrete,2,concrete,c:\Users\marcr\OneDrive\Documentos\00_MarcRibert\8_Programming\01_Github\MAS_LLM_Workshop_25\experiment_dms26_baseline\_reference_images\R03.png,c:\Users\marcr\OneDrive\Documentos\00_MarcRibert\8_Programming\01_Github\MAS_LLM_Workshop_25\experiment_dms26_baseline\R03_concrete\02_render.png,2,1,1,1.33,design_modeling,"- Fix geometry creation and depth: loft the two wave polylines into a surface and thicken the surface along +Y/−Y instead of extruding an edge. Replace the edge-extrude with a proper surface-to-solid step (e.g., loft_srf -> loft_brep = loft_srf.ToBrep(); solid = Brep.CreateOffsetBrep(loft_brep, depth/2, tol, true, true) and cap/join). Also remove the '+ z' term from the sine; use sin(2*pi*wave_frequency*t + phase) so wave_amplitude and wave_frequency read in elevation. Increase section sampling to sample_count = max(21, int(x_width * wave_frequency * 4)).
- Encode concrete cast lifts (horizontal bands): add params story_height (3.2–3.6 m), band_thickness (0.15–0.25 m), overhang_max (0.4–0.8 m), recess_max (0.2–0.3 m). Compute num_levels = floor(z_height/story_height); for each level, generate front/back wave curves with level-specific phase and amplitude clamp to overhang/recess ranges; loft each level into a strip (Z from level_z to level_z + band_thickness), then thicken by depth. This yields stratified, stereotomic massing legible as concrete lifts.
- Add panelization, reveals, and openings: introduce module_x (1.2–2.4 m) and place vertical reveals at module lines on both faces (reveal_width 0.02–0.03 m, reveal_depth 0.015–0.025 m). Per level, boolean openings sized window_w 0.8–1.5 m, window_h 1.0–1.6 m, sill_z 0.9–1.1 m to achieve 35–55% void; optionally add balcony slabs as 0.18–0.22 m thick plates at selected bays with balcony_depth 0.6–1.2 m following the wave front edge.",3
R03_concrete,3,concrete,c:\Users\marcr\OneDrive\Documentos\00_MarcRibert\8_Programming\01_Github\MAS_LLM_Workshop_25\experiment_dms26_baseline\_reference_images\R03.png,c:\Users\marcr\OneDrive\Documentos\00_MarcRibert\8_Programming\01_Github\MAS_LLM_Workshop_25\experiment_dms26_baseline\R03_concrete\03_render.png,2,1,1,1.33,design_modeling,"- Fix geometry creation and depth: loft the two wave polylines into a surface and thicken the surface along +Y/−Y instead of extruding an edge. Replace the edge-extrude with a proper surface-to-solid step (e.g., loft_srf -> loft_brep = loft_srf.ToBrep(); solid = Brep.CreateOffsetBrep(loft_brep, depth/2, tol, true, true) and cap/join). Also remove the '+ z' term from the sine; use sin(2*pi*wave_frequency*t + phase) so wave_amplitude and wave_frequency read in elevation. Increase section sampling to sample_count = max(21, int(x_width * wave_frequency * 4)).
- Encode concrete cast lifts (horizontal bands): add params story_height (3.2–3.6 m), band_thickness (0.15–0.25 m), overhang_max (0.4–0.8 m), recess_max (0.2–0.3 m). Compute num_levels = floor(z_height/story_height); for each level, generate front/back wave curves with level-specific phase and amplitude clamp to overhang/recess ranges; loft each level into a strip (Z from level_z to level_z + band_thickness), then thicken by depth. This yields stratified, stereotomic massing legible as concrete lifts.
- Add panelization, reveals, and openings: introduce module_x (1.2–2.4 m) and place vertical reveals at module lines on both faces (reveal_width 0.02–0.03 m, reveal_depth 0.015–0.025 m). Per level, boolean openings sized window_w 0.8–1.5 m, window_h 1.0–1.6 m, sill_z 0.9–1.1 m to achieve 35–55% void; optionally add balcony slabs as 0.18–0.22 m thick plates at selected bays with balcony_depth 0.6–1.2 m following the wave front edge.",3
R03_concrete,4,concrete,c:\Users\marcr\OneDrive\Documentos\00_MarcRibert\8_Programming\01_Github\MAS_LLM_Workshop_25\experiment_dms26_baseline\_reference_images\R03.png,c:\Users\marcr\OneDrive\Documentos\00_MarcRibert\8_Programming\01_Github\MAS_LLM_Workshop_25\experiment_dms26_baseline\R03_concrete\04_render.png,2,1,1,1.33,design_modeling,"- Fix geometry creation and depth: loft the two wave polylines into a surface and thicken the surface along +Y/−Y instead of extruding an edge. Replace the edge-extrude with a proper surface-to-solid step (e.g., loft_srf -> loft_brep = loft_srf.ToBrep(); solid = Brep.CreateOffsetBrep(loft_brep, depth/2, tol, true, true) and cap/join). Also remove the '+ z' term from the sine; use sin(2*pi*wave_frequency*t + phase) so wave_amplitude and wave_frequency read in elevation. Increase section sampling to sample_count = max(21, int(x_width * wave_frequency * 4)).
- Encode concrete cast lifts (horizontal bands): add params story_height (3.2–3.6 m), band_thickness (0.15–0.25 m), overhang_max (0.4–0.8 m), recess_max (0.2–0.3 m). Compute num_levels = floor(z_height/story_height); for each level, generate front/back wave curves with level-specific phase and amplitude clamp to overhang/recess ranges; loft each level into a strip (Z from level_z to level_z + band_thickness), then thicken by depth. This yields stratified, stereotomic massing legible as concrete lifts.
- Add panelization, reveals, and openings: introduce module_x (1.2–2.4 m) and place vertical reveals at module lines on both faces (reveal_width 0.02–0.03 m, reveal_depth 0.015–0.025 m). Per level, boolean openings sized window_w 0.8–1.5 m, window_h 1.0–1.6 m, sill_z 0.9–1.1 m to achieve 35–55% void; optionally add balcony slabs as 0.18–0.22 m thick plates at selected bays with balcony_depth 0.6–1.2 m following the wave front edge.",3
R03_stone,0,stone,c:\Users\marcr\OneDrive\Documentos\00_MarcRibert\8_Programming\01_Github\MAS_LLM_Workshop_25\experiment_dms26_baseline\_reference_images\R03.png,c:\Users\marcr\OneDrive\Documentos\00_MarcRibert\8_Programming\01_Github\MAS_LLM_Workshop_25\experiment_dms26_baseline\R03_stone\00_render.png,2,2,2,2.0,design_modeling,"- Parameter refactor to stone modules and thickness: Replace wave_height/wave_frequency/wave_amplitude with stone parameters. Reuse panel_width→facade_width (8–30 m) and panel_height→total_height (6–24 m). Add: story_height (2.8–3.6 m), course_height (0.24–0.36 m), block_len (0.48–0.96 m, random within ±20%), joint_thickness (8–12 mm), wall_thickness_Y (0.35–0.60 m), corbel_step_per_course (≤ course_depth/3). Extrude in +Y by wall_thickness_Y (not +Z).
- Coursing and block population pipeline: For z from 0 to total_height step course_height, build a per-course polyline across facade_width; apply per-story Y-envelope offset clamped so |ΔY per course| ≤ corbel_step_per_course. Extrude each course polyline in +Y by wall_thickness_Y. Subdivide each course along X into blocks of block_len with 1/2-bond staggering every course; jitter block_len within set range; cut 8–12 mm continuous grooves for bed/head joints (or inset 4–6 mm reveals) instead of overlapping geometry. Fix prior issues: no single NurbsCurve from 2D grid, no duplicate surfaces in the z-loop, and avoid coincident faces.
- Openings and supports consistent with stone: Add bay_count (3–7), opening_width (0.9–1.8 m), opening_height (1.2–2.1 m), sill_height (0.5–0.9 m), reveal_depth (30–60 mm), head_type {lintel|segmental_arch}, balcony_slab_depth (0.6–1.2 m). For each story, place bays on a grid snapping heads/sills to course lines; boolean-subtract openings with reveals; generate lintels with ≥200 mm bearing or voussoir arches sized to the course module. Add balcony slabs at selected bays with corbels stepped 1–3 courses obeying corbel limits. Organize outputs in separate trees: courses, blocks, joints, openings, balconies for clean visualization.",1
R03_stone,1,stone,c:\Users\marcr\OneDrive\Documentos\00_MarcRibert\8_Programming\01_Github\MAS_LLM_Workshop_25\experiment_dms26_baseline\_reference_images\R03.png,c:\Users\marcr\OneDrive\Documentos\00_MarcRibert\8_Programming\01_Github\MAS_LLM_Workshop_25\experiment_dms26_baseline\R03_stone\01_render.png,2,2,2,2.0,design_modeling,"- Parameter refactor to stone modules and thickness: Replace wave_height/wave_frequency/wave_amplitude with stone parameters. Reuse panel_width→facade_width (8–30 m) and panel_height→total_height (6–24 m). Add: story_height (2.8–3.6 m), course_height (0.24–0.36 m), block_len (0.48–0.96 m, random within ±20%), joint_thickness (8–12 mm), wall_thickness_Y (0.35–0.60 m), corbel_step_per_course (≤ course_depth/3). Extrude in +Y by wall_thickness_Y (not +Z).
- Coursing and block population pipeline: For z from 0 to total_height step course_height, build a per-course polyline across facade_width; apply per-story Y-envelope offset clamped so |ΔY per course| ≤ corbel_step_per_course. Extrude each course polyline in +Y by wall_thickness_Y. Subdivide each course along X into blocks of block_len with 1/2-bond staggering every course; jitter block_len within set range; cut 8–12 mm continuous grooves for bed/head joints (or inset 4–6 mm reveals) instead of overlapping geometry. Fix prior issues: no single NurbsCurve from 2D grid, no duplicate surfaces in the z-loop, and avoid coincident faces.
- Openings and supports consistent with stone: Add bay_count (3–7), opening_width (0.9–1.8 m), opening_height (1.2–2.1 m), sill_height (0.5–0.9 m), reveal_depth (30–60 mm), head_type {lintel|segmental_arch}, balcony_slab_depth (0.6–1.2 m). For each story, place bays on a grid snapping heads/sills to course lines; boolean-subtract openings with reveals; generate lintels with ≥200 mm bearing or voussoir arches sized to the course module. Add balcony slabs at selected bays with corbels stepped 1–3 courses obeying corbel limits. Organize outputs in separate trees: courses, blocks, joints, openings, balconies for clean visualization.",1
R03_stone,2,stone,c:\Users\marcr\OneDrive\Documentos\00_MarcRibert\8_Programming\01_Github\MAS_LLM_Workshop_25\experiment_dms26_baseline\_reference_images\R03.png,c:\Users\marcr\OneDrive\Documentos\00_MarcRibert\8_Programming\01_Github\MAS_LLM_Workshop_25\experiment_dms26_baseline\R03_stone\02_render.png,2,2,2,2.0,design_modeling,"- Parameter refactor to stone modules and thickness: Replace wave_height/wave_frequency/wave_amplitude with stone parameters. Reuse panel_width→facade_width (8–30 m) and panel_height→total_height (6–24 m). Add: story_height (2.8–3.6 m), course_height (0.24–0.36 m), block_len (0.48–0.96 m, random within ±20%), joint_thickness (8–12 mm), wall_thickness_Y (0.35–0.60 m), corbel_step_per_course (≤ course_depth/3). Extrude in +Y by wall_thickness_Y (not +Z).
- Coursing and block population pipeline: For z from 0 to total_height step course_height, build a per-course polyline across facade_width; apply per-story Y-envelope offset clamped so |ΔY per course| ≤ corbel_step_per_course. Extrude each course polyline in +Y by wall_thickness_Y. Subdivide each course along X into blocks of block_len with 1/2-bond staggering every course; jitter block_len within set range; cut 8–12 mm continuous grooves for bed/head joints (or inset 4–6 mm reveals) instead of overlapping geometry. Fix prior issues: no single NurbsCurve from 2D grid, no duplicate surfaces in the z-loop, and avoid coincident faces.
- Openings and supports consistent with stone: Add bay_count (3–7), opening_width (0.9–1.8 m), opening_height (1.2–2.1 m), sill_height (0.5–0.9 m), reveal_depth (30–60 mm), head_type {lintel|segmental_arch}, balcony_slab_depth (0.6–1.2 m). For each story, place bays on a grid snapping heads/sills to course lines; boolean-subtract openings with reveals; generate lintels with ≥200 mm bearing or voussoir arches sized to the course module. Add balcony slabs at selected bays with corbels stepped 1–3 courses obeying corbel limits. Organize outputs in separate trees: courses, blocks, joints, openings, balconies for clean visualization.",1
R03_stone,3,stone,c:\Users\marcr\OneDrive\Documentos\00_MarcRibert\8_Programming\01_Github\MAS_LLM_Workshop_25\experiment_dms26_baseline\_reference_images\R03.png,c:\Users\marcr\OneDrive\Documentos\00_MarcRibert\8_Programming\01_Github\MAS_LLM_Workshop_25\experiment_dms26_baseline\R03_stone\03_render.png,2,2,2,2.0,design_modeling,"- Parameter refactor to stone modules and thickness: Replace wave_height/wave_frequency/wave_amplitude with stone parameters. Reuse panel_width→facade_width (8–30 m) and panel_height→total_height (6–24 m). Add: story_height (2.8–3.6 m), course_height (0.24–0.36 m), block_len (0.48–0.96 m, random within ±20%), joint_thickness (8–12 mm), wall_thickness_Y (0.35–0.60 m), corbel_step_per_course (≤ course_depth/3). Extrude in +Y by wall_thickness_Y (not +Z).
- Coursing and block population pipeline: For z from 0 to total_height step course_height, build a per-course polyline across facade_width; apply per-story Y-envelope offset clamped so |ΔY per course| ≤ corbel_step_per_course. Extrude each course polyline in +Y by wall_thickness_Y. Subdivide each course along X into blocks of block_len with 1/2-bond staggering every course; jitter block_len within set range; cut 8–12 mm continuous grooves for bed/head joints (or inset 4–6 mm reveals) instead of overlapping geometry. Fix prior issues: no single NurbsCurve from 2D grid, no duplicate surfaces in the z-loop, and avoid coincident faces.
- Openings and supports consistent with stone: Add bay_count (3–7), opening_width (0.9–1.8 m), opening_height (1.2–2.1 m), sill_height (0.5–0.9 m), reveal_depth (30–60 mm), head_type {lintel|segmental_arch}, balcony_slab_depth (0.6–1.2 m). For each story, place bays on a grid snapping heads/sills to course lines; boolean-subtract openings with reveals; generate lintels with ≥200 mm bearing or voussoir arches sized to the course module. Add balcony slabs at selected bays with corbels stepped 1–3 courses obeying corbel limits. Organize outputs in separate trees: courses, blocks, joints, openings, balconies for clean visualization.",1
R03_stone,4,stone,c:\Users\marcr\OneDrive\Documentos\00_MarcRibert\8_Programming\01_Github\MAS_LLM_Workshop_25\experiment_dms26_baseline\_reference_images\R03.png,c:\Users\marcr\OneDrive\Documentos\00_MarcRibert\8_Programming\01_Github\MAS_LLM_Workshop_25\experiment_dms26_baseline\R03_stone\04_render.png,2,2,2,2.0,design_modeling,"- Parameter refactor to stone modules and thickness: Replace wave_height/wave_frequency/wave_amplitude with stone parameters. Reuse panel_width→facade_width (8–30 m) and panel_height→total_height (6–24 m). Add: story_height (2.8–3.6 m), course_height (0.24–0.36 m), block_len (0.48–0.96 m, random within ±20%), joint_thickness (8–12 mm), wall_thickness_Y (0.35–0.60 m), corbel_step_per_course (≤ course_depth/3). Extrude in +Y by wall_thickness_Y (not +Z).
- Coursing and block population pipeline: For z from 0 to total_height step course_height, build a per-course polyline across facade_width; apply per-story Y-envelope offset clamped so |ΔY per course| ≤ corbel_step_per_course. Extrude each course polyline in +Y by wall_thickness_Y. Subdivide each course along X into blocks of block_len with 1/2-bond staggering every course; jitter block_len within set range; cut 8–12 mm continuous grooves for bed/head joints (or inset 4–6 mm reveals) instead of overlapping geometry. Fix prior issues: no single NurbsCurve from 2D grid, no duplicate surfaces in the z-loop, and avoid coincident faces.
- Openings and supports consistent with stone: Add bay_count (3–7), opening_width (0.9–1.8 m), opening_height (1.2–2.1 m), sill_height (0.5–0.9 m), reveal_depth (30–60 mm), head_type {lintel|segmental_arch}, balcony_slab_depth (0.6–1.2 m). For each story, place bays on a grid snapping heads/sills to course lines; boolean-subtract openings with reveals; generate lintels with ≥200 mm bearing or voussoir arches sized to the course module. Add balcony slabs at selected bays with corbels stepped 1–3 courses obeying corbel limits. Organize outputs in separate trees: courses, blocks, joints, openings, balconies for clean visualization.",1
R04_clay,0,clay,c:\Users\marcr\OneDrive\Documentos\00_MarcRibert\8_Programming\01_Github\MAS_LLM_Workshop_25\experiment_dms26_baseline\_reference_images\R04.jpg,c:\Users\marcr\OneDrive\Documentos\00_MarcRibert\8_Programming\01_Github\MAS_LLM_Workshop_25\experiment_dms26_baseline\R04_clay\00_render.png,2,2,2,2.0,design_concept,"Prioritize a clay (terracotta) rainscreen design task with explicit geometry and assembly rules.

- Establish facade extents, story/bay grid, and joint logic: inputs = facade_width, facade_height, num_bays_x, num_stories (derive story_height = facade_height/num_stories, bay_w = facade_width/num_bays_x). Module and joints: module_w = 300–600 mm (multiples of 150), module_h = 150–450 mm (multiples of 75), joint_w = 8–15 mm. Place panel origins so each cell size = module_w + joint_w by module_h + joint_w, and clamp panels to module_w/module_h (no random scaling). Compute panel min/max corners as (i*(module_w+joint_w)+joint_w/2, j*(module_h+joint_w)+joint_w/2) to avoid overlaps and yield consistent joints on XZ.

- Encode terracotta panel build-up and depth: panel_thk = 25–40 mm; extrude panels along Y by panel_thk. Set a ventilated cavity offset cavity_d = 30–60 mm from a base plane to the cladding face. Add optional relief controls: rib_depth = 8–15 mm at rib_pitch = 100–150 mm (linear ribs on panel face) or row_offset_y = 10–30 mm alternating by story/band for shingle-like reading. Enforce edge rules: trim last panel in each bay to fit bay_w minus joint margins; keep continuous joint_w at bay boundaries and corners.

- Introduce hierarchy and openings tied to the grid: define bond_type = stack or running (offset = 1/2 or 1/3 of module_w), applied per story only. Compose vision and spandrel zones per story: vision_band_h = 1.0–1.2 m centered at eye level; spandrel_h fills remaining story height with full panels. Openings: window_bay_span = 1–3 bays; omit panels inside opening rectangles; add reveals by setback_y = 20–40 mm and return_thk = panel_thk around apertures. Maintain joint_w continuity around all openings and align coursing across bays and stories.",1
R04_clay,1,clay,c:\Users\marcr\OneDrive\Documentos\00_MarcRibert\8_Programming\01_Github\MAS_LLM_Workshop_25\experiment_dms26_baseline\_reference_images\R04.jpg,c:\Users\marcr\OneDrive\Documentos\00_MarcRibert\8_Programming\01_Github\MAS_LLM_Workshop_25\experiment_dms26_baseline\R04_clay\01_render.png,2,2,2,2.0,design_concept,"Prioritize a clay (terracotta) rainscreen design task with explicit geometry and assembly rules.

- Establish facade extents, story/bay grid, and joint logic: inputs = facade_width, facade_height, num_bays_x, num_stories (derive story_height = facade_height/num_stories, bay_w = facade_width/num_bays_x). Module and joints: module_w = 300–600 mm (multiples of 150), module_h = 150–450 mm (multiples of 75), joint_w = 8–15 mm. Place panel origins so each cell size = module_w + joint_w by module_h + joint_w, and clamp panels to module_w/module_h (no random scaling). Compute panel min/max corners as (i*(module_w+joint_w)+joint_w/2, j*(module_h+joint_w)+joint_w/2) to avoid overlaps and yield consistent joints on XZ.

- Encode terracotta panel build-up and depth: panel_thk = 25–40 mm; extrude panels along Y by panel_thk. Set a ventilated cavity offset cavity_d = 30–60 mm from a base plane to the cladding face. Add optional relief controls: rib_depth = 8–15 mm at rib_pitch = 100–150 mm (linear ribs on panel face) or row_offset_y = 10–30 mm alternating by story/band for shingle-like reading. Enforce edge rules: trim last panel in each bay to fit bay_w minus joint margins; keep continuous joint_w at bay boundaries and corners.

- Introduce hierarchy and openings tied to the grid: define bond_type = stack or running (offset = 1/2 or 1/3 of module_w), applied per story only. Compose vision and spandrel zones per story: vision_band_h = 1.0–1.2 m centered at eye level; spandrel_h fills remaining story height with full panels. Openings: window_bay_span = 1–3 bays; omit panels inside opening rectangles; add reveals by setback_y = 20–40 mm and return_thk = panel_thk around apertures. Maintain joint_w continuity around all openings and align coursing across bays and stories.",1
R04_clay,2,clay,c:\Users\marcr\OneDrive\Documentos\00_MarcRibert\8_Programming\01_Github\MAS_LLM_Workshop_25\experiment_dms26_baseline\_reference_images\R04.jpg,c:\Users\marcr\OneDrive\Documentos\00_MarcRibert\8_Programming\01_Github\MAS_LLM_Workshop_25\experiment_dms26_baseline\R04_clay\02_render.png,2,2,2,2.0,design_concept,"Prioritize a clay (terracotta) rainscreen design task with explicit geometry and assembly rules.

- Establish facade extents, story/bay grid, and joint logic: inputs = facade_width, facade_height, num_bays_x, num_stories (derive story_height = facade_height/num_stories, bay_w = facade_width/num_bays_x). Module and joints: module_w = 300–600 mm (multiples of 150), module_h = 150–450 mm (multiples of 75), joint_w = 8–15 mm. Place panel origins so each cell size = module_w + joint_w by module_h + joint_w, and clamp panels to module_w/module_h (no random scaling). Compute panel min/max corners as (i*(module_w+joint_w)+joint_w/2, j*(module_h+joint_w)+joint_w/2) to avoid overlaps and yield consistent joints on XZ.

- Encode terracotta panel build-up and depth: panel_thk = 25–40 mm; extrude panels along Y by panel_thk. Set a ventilated cavity offset cavity_d = 30–60 mm from a base plane to the cladding face. Add optional relief controls: rib_depth = 8–15 mm at rib_pitch = 100–150 mm (linear ribs on panel face) or row_offset_y = 10–30 mm alternating by story/band for shingle-like reading. Enforce edge rules: trim last panel in each bay to fit bay_w minus joint margins; keep continuous joint_w at bay boundaries and corners.

- Introduce hierarchy and openings tied to the grid: define bond_type = stack or running (offset = 1/2 or 1/3 of module_w), applied per story only. Compose vision and spandrel zones per story: vision_band_h = 1.0–1.2 m centered at eye level; spandrel_h fills remaining story height with full panels. Openings: window_bay_span = 1–3 bays; omit panels inside opening rectangles; add reveals by setback_y = 20–40 mm and return_thk = panel_thk around apertures. Maintain joint_w continuity around all openings and align coursing across bays and stories.",1
R04_clay,3,clay,c:\Users\marcr\OneDrive\Documentos\00_MarcRibert\8_Programming\01_Github\MAS_LLM_Workshop_25\experiment_dms26_baseline\_reference_images\R04.jpg,c:\Users\marcr\OneDrive\Documentos\00_MarcRibert\8_Programming\01_Github\MAS_LLM_Workshop_25\experiment_dms26_baseline\R04_clay\03_render.png,2,2,2,2.0,design_concept,"Prioritize a clay (terracotta) rainscreen design task with explicit geometry and assembly rules.

- Establish facade extents, story/bay grid, and joint logic: inputs = facade_width, facade_height, num_bays_x, num_stories (derive story_height = facade_height/num_stories, bay_w = facade_width/num_bays_x). Module and joints: module_w = 300–600 mm (multiples of 150), module_h = 150–450 mm (multiples of 75), joint_w = 8–15 mm. Place panel origins so each cell size = module_w + joint_w by module_h + joint_w, and clamp panels to module_w/module_h (no random scaling). Compute panel min/max corners as (i*(module_w+joint_w)+joint_w/2, j*(module_h+joint_w)+joint_w/2) to avoid overlaps and yield consistent joints on XZ.

- Encode terracotta panel build-up and depth: panel_thk = 25–40 mm; extrude panels along Y by panel_thk. Set a ventilated cavity offset cavity_d = 30–60 mm from a base plane to the cladding face. Add optional relief controls: rib_depth = 8–15 mm at rib_pitch = 100–150 mm (linear ribs on panel face) or row_offset_y = 10–30 mm alternating by story/band for shingle-like reading. Enforce edge rules: trim last panel in each bay to fit bay_w minus joint margins; keep continuous joint_w at bay boundaries and corners.

- Introduce hierarchy and openings tied to the grid: define bond_type = stack or running (offset = 1/2 or 1/3 of module_w), applied per story only. Compose vision and spandrel zones per story: vision_band_h = 1.0–1.2 m centered at eye level; spandrel_h fills remaining story height with full panels. Openings: window_bay_span = 1–3 bays; omit panels inside opening rectangles; add reveals by setback_y = 20–40 mm and return_thk = panel_thk around apertures. Maintain joint_w continuity around all openings and align coursing across bays and stories.",1
R04_clay,4,clay,c:\Users\marcr\OneDrive\Documentos\00_MarcRibert\8_Programming\01_Github\MAS_LLM_Workshop_25\experiment_dms26_baseline\_reference_images\R04.jpg,c:\Users\marcr\OneDrive\Documentos\00_MarcRibert\8_Programming\01_Github\MAS_LLM_Workshop_25\experiment_dms26_baseline\R04_clay\04_render.png,2,2,2,2.0,design_concept,"Prioritize a clay (terracotta) rainscreen design task with explicit geometry and assembly rules.

- Establish facade extents, story/bay grid, and joint logic: inputs = facade_width, facade_height, num_bays_x, num_stories (derive story_height = facade_height/num_stories, bay_w = facade_width/num_bays_x). Module and joints: module_w = 300–600 mm (multiples of 150), module_h = 150–450 mm (multiples of 75), joint_w = 8–15 mm. Place panel origins so each cell size = module_w + joint_w by module_h + joint_w, and clamp panels to module_w/module_h (no random scaling). Compute panel min/max corners as (i*(module_w+joint_w)+joint_w/2, j*(module_h+joint_w)+joint_w/2) to avoid overlaps and yield consistent joints on XZ.

- Encode terracotta panel build-up and depth: panel_thk = 25–40 mm; extrude panels along Y by panel_thk. Set a ventilated cavity offset cavity_d = 30–60 mm from a base plane to the cladding face. Add optional relief controls: rib_depth = 8–15 mm at rib_pitch = 100–150 mm (linear ribs on panel face) or row_offset_y = 10–30 mm alternating by story/band for shingle-like reading. Enforce edge rules: trim last panel in each bay to fit bay_w minus joint margins; keep continuous joint_w at bay boundaries and corners.

- Introduce hierarchy and openings tied to the grid: define bond_type = stack or running (offset = 1/2 or 1/3 of module_w), applied per story only. Compose vision and spandrel zones per story: vision_band_h = 1.0–1.2 m centered at eye level; spandrel_h fills remaining story height with full panels. Openings: window_bay_span = 1–3 bays; omit panels inside opening rectangles; add reveals by setback_y = 20–40 mm and return_thk = panel_thk around apertures. Maintain joint_w continuity around all openings and align coursing across bays and stories.",1
R04_concrete,0,concrete,c:\Users\marcr\OneDrive\Documentos\00_MarcRibert\8_Programming\01_Github\MAS_LLM_Workshop_25\experiment_dms26_baseline\_reference_images\R04.jpg,c:\Users\marcr\OneDrive\Documentos\00_MarcRibert\8_Programming\01_Github\MAS_LLM_Workshop_25\experiment_dms26_baseline\R04_concrete\00_render.png,2,3,3,2.67,design_concept,"Prioritize upgrading the design task (design concept) to encode concrete-specific tectonics, clear scale, and deterministic rules the modeling agent can translate directly.

- Declare explicit dimensions and grid: overall facade width (W) and height (H); number of stories (N) with floor-to-floor Z_ff = 3.2–3.6 m; structural bay width X_bay = 5.4–6.6 m (centerlines on X); module_width divides bay (e.g., 0.9 or 1.2 m), module_height divides story (e.g., 0.3/0.6/1.2 m); base plinth Z_base = 0.6–0.9 m and parapet Z_parapet = 0.9–1.2 m. Provide min/max ranges for counts so the model remains valid across scales.
- Prescribe a precast concrete facade system and components: panel library with types = {pier, spandrel, infill, sill, lintel}; panel thickness t = 150–250 mm; joint gaps j = 15–25 mm; perimeter chamfers c = 10–20 mm; reveal grooves r = 15×15 mm (perimeter and/or @ 300 mm pitch); spandrels deeper by +120 mm; piers thicker by +80 mm; optional tie-holes Ø50 @ 1200 mm grid; window/door openings modeled as voids with 50–100 mm splayed returns and a 20 mm drip under sills.
- Replace randomness with deterministic placement rules: continuous piers on bay gridlines; spandrels at each story; openings grouped 1–3 modules wide within bays; enforce no isolated panels (min 2-module vertical adjacency or direct support below); align joints across stories; control solid-to-void per bay = 30–60%; optional shading ribs/fins 80–120 mm thick @ 300–600 mm c/c applied only to designated bays (e.g., top two stories or sun-facing zones).",1
R04_concrete,1,concrete,c:\Users\marcr\OneDrive\Documentos\00_MarcRibert\8_Programming\01_Github\MAS_LLM_Workshop_25\experiment_dms26_baseline\_reference_images\R04.jpg,c:\Users\marcr\OneDrive\Documentos\00_MarcRibert\8_Programming\01_Github\MAS_LLM_Workshop_25\experiment_dms26_baseline\R04_concrete\01_render.png,2,3,3,2.67,design_concept,"Prioritize upgrading the design task (design concept) to encode concrete-specific tectonics, clear scale, and deterministic rules the modeling agent can translate directly.

- Declare explicit dimensions and grid: overall facade width (W) and height (H); number of stories (N) with floor-to-floor Z_ff = 3.2–3.6 m; structural bay width X_bay = 5.4–6.6 m (centerlines on X); module_width divides bay (e.g., 0.9 or 1.2 m), module_height divides story (e.g., 0.3/0.6/1.2 m); base plinth Z_base = 0.6–0.9 m and parapet Z_parapet = 0.9–1.2 m. Provide min/max ranges for counts so the model remains valid across scales.
- Prescribe a precast concrete facade system and components: panel library with types = {pier, spandrel, infill, sill, lintel}; panel thickness t = 150–250 mm; joint gaps j = 15–25 mm; perimeter chamfers c = 10–20 mm; reveal grooves r = 15×15 mm (perimeter and/or @ 300 mm pitch); spandrels deeper by +120 mm; piers thicker by +80 mm; optional tie-holes Ø50 @ 1200 mm grid; window/door openings modeled as voids with 50–100 mm splayed returns and a 20 mm drip under sills.
- Replace randomness with deterministic placement rules: continuous piers on bay gridlines; spandrels at each story; openings grouped 1–3 modules wide within bays; enforce no isolated panels (min 2-module vertical adjacency or direct support below); align joints across stories; control solid-to-void per bay = 30–60%; optional shading ribs/fins 80–120 mm thick @ 300–600 mm c/c applied only to designated bays (e.g., top two stories or sun-facing zones).",1
R04_concrete,2,concrete,c:\Users\marcr\OneDrive\Documentos\00_MarcRibert\8_Programming\01_Github\MAS_LLM_Workshop_25\experiment_dms26_baseline\_reference_images\R04.jpg,c:\Users\marcr\OneDrive\Documentos\00_MarcRibert\8_Programming\01_Github\MAS_LLM_Workshop_25\experiment_dms26_baseline\R04_concrete\02_render.png,2,3,3,2.67,design_concept,"Prioritize upgrading the design task (design concept) to encode concrete-specific tectonics, clear scale, and deterministic rules the modeling agent can translate directly.

- Declare explicit dimensions and grid: overall facade width (W) and height (H); number of stories (N) with floor-to-floor Z_ff = 3.2–3.6 m; structural bay width X_bay = 5.4–6.6 m (centerlines on X); module_width divides bay (e.g., 0.9 or 1.2 m), module_height divides story (e.g., 0.3/0.6/1.2 m); base plinth Z_base = 0.6–0.9 m and parapet Z_parapet = 0.9–1.2 m. Provide min/max ranges for counts so the model remains valid across scales.
- Prescribe a precast concrete facade system and components: panel library with types = {pier, spandrel, infill, sill, lintel}; panel thickness t = 150–250 mm; joint gaps j = 15–25 mm; perimeter chamfers c = 10–20 mm; reveal grooves r = 15×15 mm (perimeter and/or @ 300 mm pitch); spandrels deeper by +120 mm; piers thicker by +80 mm; optional tie-holes Ø50 @ 1200 mm grid; window/door openings modeled as voids with 50–100 mm splayed returns and a 20 mm drip under sills.
- Replace randomness with deterministic placement rules: continuous piers on bay gridlines; spandrels at each story; openings grouped 1–3 modules wide within bays; enforce no isolated panels (min 2-module vertical adjacency or direct support below); align joints across stories; control solid-to-void per bay = 30–60%; optional shading ribs/fins 80–120 mm thick @ 300–600 mm c/c applied only to designated bays (e.g., top two stories or sun-facing zones).",1
R04_concrete,3,concrete,c:\Users\marcr\OneDrive\Documentos\00_MarcRibert\8_Programming\01_Github\MAS_LLM_Workshop_25\experiment_dms26_baseline\_reference_images\R04.jpg,c:\Users\marcr\OneDrive\Documentos\00_MarcRibert\8_Programming\01_Github\MAS_LLM_Workshop_25\experiment_dms26_baseline\R04_concrete\03_render.png,2,3,3,2.67,design_concept,"Prioritize upgrading the design task (design concept) to encode concrete-specific tectonics, clear scale, and deterministic rules the modeling agent can translate directly.

- Declare explicit dimensions and grid: overall facade width (W) and height (H); number of stories (N) with floor-to-floor Z_ff = 3.2–3.6 m; structural bay width X_bay = 5.4–6.6 m (centerlines on X); module_width divides bay (e.g., 0.9 or 1.2 m), module_height divides story (e.g., 0.3/0.6/1.2 m); base plinth Z_base = 0.6–0.9 m and parapet Z_parapet = 0.9–1.2 m. Provide min/max ranges for counts so the model remains valid across scales.
- Prescribe a precast concrete facade system and components: panel library with types = {pier, spandrel, infill, sill, lintel}; panel thickness t = 150–250 mm; joint gaps j = 15–25 mm; perimeter chamfers c = 10–20 mm; reveal grooves r = 15×15 mm (perimeter and/or @ 300 mm pitch); spandrels deeper by +120 mm; piers thicker by +80 mm; optional tie-holes Ø50 @ 1200 mm grid; window/door openings modeled as voids with 50–100 mm splayed returns and a 20 mm drip under sills.
- Replace randomness with deterministic placement rules: continuous piers on bay gridlines; spandrels at each story; openings grouped 1–3 modules wide within bays; enforce no isolated panels (min 2-module vertical adjacency or direct support below); align joints across stories; control solid-to-void per bay = 30–60%; optional shading ribs/fins 80–120 mm thick @ 300–600 mm c/c applied only to designated bays (e.g., top two stories or sun-facing zones).",1
R04_concrete,4,concrete,c:\Users\marcr\OneDrive\Documentos\00_MarcRibert\8_Programming\01_Github\MAS_LLM_Workshop_25\experiment_dms26_baseline\_reference_images\R04.jpg,c:\Users\marcr\OneDrive\Documentos\00_MarcRibert\8_Programming\01_Github\MAS_LLM_Workshop_25\experiment_dms26_baseline\R04_concrete\04_render.png,2,3,3,2.67,design_concept,"Prioritize upgrading the design task (design concept) to encode concrete-specific tectonics, clear scale, and deterministic rules the modeling agent can translate directly.

- Declare explicit dimensions and grid: overall facade width (W) and height (H); number of stories (N) with floor-to-floor Z_ff = 3.2–3.6 m; structural bay width X_bay = 5.4–6.6 m (centerlines on X); module_width divides bay (e.g., 0.9 or 1.2 m), module_height divides story (e.g., 0.3/0.6/1.2 m); base plinth Z_base = 0.6–0.9 m and parapet Z_parapet = 0.9–1.2 m. Provide min/max ranges for counts so the model remains valid across scales.
- Prescribe a precast concrete facade system and components: panel library with types = {pier, spandrel, infill, sill, lintel}; panel thickness t = 150–250 mm; joint gaps j = 15–25 mm; perimeter chamfers c = 10–20 mm; reveal grooves r = 15×15 mm (perimeter and/or @ 300 mm pitch); spandrels deeper by +120 mm; piers thicker by +80 mm; optional tie-holes Ø50 @ 1200 mm grid; window/door openings modeled as voids with 50–100 mm splayed returns and a 20 mm drip under sills.
- Replace randomness with deterministic placement rules: continuous piers on bay gridlines; spandrels at each story; openings grouped 1–3 modules wide within bays; enforce no isolated panels (min 2-module vertical adjacency or direct support below); align joints across stories; control solid-to-void per bay = 30–60%; optional shading ribs/fins 80–120 mm thick @ 300–600 mm c/c applied only to designated bays (e.g., top two stories or sun-facing zones).",1
R04_metal,0,metal,c:\Users\marcr\OneDrive\Documentos\00_MarcRibert\8_Programming\01_Github\MAS_LLM_Workshop_25\experiment_dms26_baseline\_reference_images\R04.jpg,c:\Users\marcr\OneDrive\Documentos\00_MarcRibert\8_Programming\01_Github\MAS_LLM_Workshop_25\experiment_dms26_baseline\R04_metal\00_render.png,2,3,2,2.33,design_modeling,"Target the modeling_agent: Replace voxel boxes with a metal panel system that expresses seams, thinness, returns, and a subframe; remap parameters and clamp ranges.
- Panelization and joints: On the XZ plane, subdivide width by a new seam_pitch (0.3–0.9 m; default snap to 0.6) and height by panel_height (2.4–3.2 m). Replace solid Boxes with thin panels: panel_thickness = 0.002–0.004 m; reinterpret depth as return_depth = 0.025–0.040 m; add a seam_reveal (0.012–0.020 m) between panels. Build each panel as a rectangle inset by seam_reveal, extruded by panel_thickness with 4-side perimeter returns of return_depth (Brep offset/extrusions) to read as cassettes or standing-seam shells.
- Subframe and hierarchy: Generate continuous vertical rails at every seam (rail_spacing = seam_pitch) and horizontal girts at story_height intervals (3.2–3.6 m). Model rails/girts as 40×20 mm and base/head frames as 60×40 mm rectangular sections so no units “float.” Trim panels at the facade rectangle (width×height), enforce continuous base/top lines, and align vertical seams through stories to convey bays and support points.
- Metal articulation (use pattern_density inside panels): Stop deleting whole modules. Map pattern_density (0.1–0.6) to perforation open area within each panel using a perforation grid: perf_pitch = 30–50 mm; perf_diameter = 8–16 mm; edge offset ≥ 30 mm from panel edges/returns and ≥ 60 mm from rails. Allow a Z-gradient (e.g., denser perforation toward top) controlled by pattern_density and random_seed for repeatability. Clamp all inputs to these ranges to avoid invalid outputs and preserve metal thinness.",3
R04_metal,1,metal,c:\Users\marcr\OneDrive\Documentos\00_MarcRibert\8_Programming\01_Github\MAS_LLM_Workshop_25\experiment_dms26_baseline\_reference_images\R04.jpg,c:\Users\marcr\OneDrive\Documentos\00_MarcRibert\8_Programming\01_Github\MAS_LLM_Workshop_25\experiment_dms26_baseline\R04_metal\01_render.png,2,3,2,2.33,design_modeling,"Target the modeling_agent: Replace voxel boxes with a metal panel system that expresses seams, thinness, returns, and a subframe; remap parameters and clamp ranges.
- Panelization and joints: On the XZ plane, subdivide width by a new seam_pitch (0.3–0.9 m; default snap to 0.6) and height by panel_height (2.4–3.2 m). Replace solid Boxes with thin panels: panel_thickness = 0.002–0.004 m; reinterpret depth as return_depth = 0.025–0.040 m; add a seam_reveal (0.012–0.020 m) between panels. Build each panel as a rectangle inset by seam_reveal, extruded by panel_thickness with 4-side perimeter returns of return_depth (Brep offset/extrusions) to read as cassettes or standing-seam shells.
- Subframe and hierarchy: Generate continuous vertical rails at every seam (rail_spacing = seam_pitch) and horizontal girts at story_height intervals (3.2–3.6 m). Model rails/girts as 40×20 mm and base/head frames as 60×40 mm rectangular sections so no units “float.” Trim panels at the facade rectangle (width×height), enforce continuous base/top lines, and align vertical seams through stories to convey bays and support points.
- Metal articulation (use pattern_density inside panels): Stop deleting whole modules. Map pattern_density (0.1–0.6) to perforation open area within each panel using a perforation grid: perf_pitch = 30–50 mm; perf_diameter = 8–16 mm; edge offset ≥ 30 mm from panel edges/returns and ≥ 60 mm from rails. Allow a Z-gradient (e.g., denser perforation toward top) controlled by pattern_density and random_seed for repeatability. Clamp all inputs to these ranges to avoid invalid outputs and preserve metal thinness.",3
R04_metal,2,metal,c:\Users\marcr\OneDrive\Documentos\00_MarcRibert\8_Programming\01_Github\MAS_LLM_Workshop_25\experiment_dms26_baseline\_reference_images\R04.jpg,c:\Users\marcr\OneDrive\Documentos\00_MarcRibert\8_Programming\01_Github\MAS_LLM_Workshop_25\experiment_dms26_baseline\R04_metal\02_render.png,2,3,2,2.33,design_modeling,"Target the modeling_agent: Replace voxel boxes with a metal panel system that expresses seams, thinness, returns, and a subframe; remap parameters and clamp ranges.
- Panelization and joints: On the XZ plane, subdivide width by a new seam_pitch (0.3–0.9 m; default snap to 0.6) and height by panel_height (2.4–3.2 m). Replace solid Boxes with thin panels: panel_thickness = 0.002–0.004 m; reinterpret depth as return_depth = 0.025–0.040 m; add a seam_reveal (0.012–0.020 m) between panels. Build each panel as a rectangle inset by seam_reveal, extruded by panel_thickness with 4-side perimeter returns of return_depth (Brep offset/extrusions) to read as cassettes or standing-seam shells.
- Subframe and hierarchy: Generate continuous vertical rails at every seam (rail_spacing = seam_pitch) and horizontal girts at story_height intervals (3.2–3.6 m). Model rails/girts as 40×20 mm and base/head frames as 60×40 mm rectangular sections so no units “float.” Trim panels at the facade rectangle (width×height), enforce continuous base/top lines, and align vertical seams through stories to convey bays and support points.
- Metal articulation (use pattern_density inside panels): Stop deleting whole modules. Map pattern_density (0.1–0.6) to perforation open area within each panel using a perforation grid: perf_pitch = 30–50 mm; perf_diameter = 8–16 mm; edge offset ≥ 30 mm from panel edges/returns and ≥ 60 mm from rails. Allow a Z-gradient (e.g., denser perforation toward top) controlled by pattern_density and random_seed for repeatability. Clamp all inputs to these ranges to avoid invalid outputs and preserve metal thinness.",3
R04_metal,3,metal,c:\Users\marcr\OneDrive\Documentos\00_MarcRibert\8_Programming\01_Github\MAS_LLM_Workshop_25\experiment_dms26_baseline\_reference_images\R04.jpg,c:\Users\marcr\OneDrive\Documentos\00_MarcRibert\8_Programming\01_Github\MAS_LLM_Workshop_25\experiment_dms26_baseline\R04_metal\03_render.png,2,3,2,2.33,design_modeling,"Target the modeling_agent: Replace voxel boxes with a metal panel system that expresses seams, thinness, returns, and a subframe; remap parameters and clamp ranges.
- Panelization and joints: On the XZ plane, subdivide width by a new seam_pitch (0.3–0.9 m; default snap to 0.6) and height by panel_height (2.4–3.2 m). Replace solid Boxes with thin panels: panel_thickness = 0.002–0.004 m; reinterpret depth as return_depth = 0.025–0.040 m; add a seam_reveal (0.012–0.020 m) between panels. Build each panel as a rectangle inset by seam_reveal, extruded by panel_thickness with 4-side perimeter returns of return_depth (Brep offset/extrusions) to read as cassettes or standing-seam shells.
- Subframe and hierarchy: Generate continuous vertical rails at every seam (rail_spacing = seam_pitch) and horizontal girts at story_height intervals (3.2–3.6 m). Model rails/girts as 40×20 mm and base/head frames as 60×40 mm rectangular sections so no units “float.” Trim panels at the facade rectangle (width×height), enforce continuous base/top lines, and align vertical seams through stories to convey bays and support points.
- Metal articulation (use pattern_density inside panels): Stop deleting whole modules. Map pattern_density (0.1–0.6) to perforation open area within each panel using a perforation grid: perf_pitch = 30–50 mm; perf_diameter = 8–16 mm; edge offset ≥ 30 mm from panel edges/returns and ≥ 60 mm from rails. Allow a Z-gradient (e.g., denser perforation toward top) controlled by pattern_density and random_seed for repeatability. Clamp all inputs to these ranges to avoid invalid outputs and preserve metal thinness.",3
R04_metal,4,metal,c:\Users\marcr\OneDrive\Documentos\00_MarcRibert\8_Programming\01_Github\MAS_LLM_Workshop_25\experiment_dms26_baseline\_reference_images\R04.jpg,c:\Users\marcr\OneDrive\Documentos\00_MarcRibert\8_Programming\01_Github\MAS_LLM_Workshop_25\experiment_dms26_baseline\R04_metal\04_render.png,2,3,2,2.33,design_modeling,"Target the modeling_agent: Replace voxel boxes with a metal panel system that expresses seams, thinness, returns, and a subframe; remap parameters and clamp ranges.
- Panelization and joints: On the XZ plane, subdivide width by a new seam_pitch (0.3–0.9 m; default snap to 0.6) and height by panel_height (2.4–3.2 m). Replace solid Boxes with thin panels: panel_thickness = 0.002–0.004 m; reinterpret depth as return_depth = 0.025–0.040 m; add a seam_reveal (0.012–0.020 m) between panels. Build each panel as a rectangle inset by seam_reveal, extruded by panel_thickness with 4-side perimeter returns of return_depth (Brep offset/extrusions) to read as cassettes or standing-seam shells.
- Subframe and hierarchy: Generate continuous vertical rails at every seam (rail_spacing = seam_pitch) and horizontal girts at story_height intervals (3.2–3.6 m). Model rails/girts as 40×20 mm and base/head frames as 60×40 mm rectangular sections so no units “float.” Trim panels at the facade rectangle (width×height), enforce continuous base/top lines, and align vertical seams through stories to convey bays and support points.
- Metal articulation (use pattern_density inside panels): Stop deleting whole modules. Map pattern_density (0.1–0.6) to perforation open area within each panel using a perforation grid: perf_pitch = 30–50 mm; perf_diameter = 8–16 mm; edge offset ≥ 30 mm from panel edges/returns and ≥ 60 mm from rails. Allow a Z-gradient (e.g., denser perforation toward top) controlled by pattern_density and random_seed for repeatability. Clamp all inputs to these ranges to avoid invalid outputs and preserve metal thinness.",3
R04_stone,0,stone,c:\Users\marcr\OneDrive\Documentos\00_MarcRibert\8_Programming\01_Github\MAS_LLM_Workshop_25\experiment_dms26_baseline\_reference_images\R04.jpg,c:\Users\marcr\OneDrive\Documentos\00_MarcRibert\8_Programming\01_Github\MAS_LLM_Workshop_25\experiment_dms26_baseline\R04_stone\00_render.png,2,3,2,2.33,design_modeling,"Target the modeling_agent by replacing the thin panel grid with a stone-aware stereotomy and opening logic.

- Coursed ashlar generator (replace module_size/window_ratio): keep width/height; add course_heights=[0.20,0.25,0.30], joint_thickness=0.008–0.015, stone_thickness=0.10–0.18 (veneer) or 0.25–0.40 (bearing), bond_type={""running"",""stack""}, block_length_factor_range=(2,4), tolerance_jitter=0.0–0.01, rustication_depth=0.015–0.030. For each Z course, tile X with rectangular blocks whose length = k*course_height (k in range), enforce stagger per bond_type with min head length ≥0.6*course_height, leave joints as gaps = joint_thickness, extrude blocks along Y by stone_thickness; add quoin blocks at both vertical edges with width = 1.5×course_height.

- Rule-based apertures and spans (replace random removals): add bay_count (3–7), bay_clear = (width - 2*margin)/bay_count, margin=0.15–0.30; sill_height=0.80–1.00, window_height=1.10–1.40, reveal_depth=0.03–0.06, lintel_type={""monolithic"",""arch""}, lintel_span_limit=1.8. Place window bays on bay centers; snap sill/head to nearest course lines; cut blocks at jambs; add sill stone (thickness=course_height, projection=0.02–0.04), jamb stones (full-height per course), and either a monolithic lintel (depth=course_height, bearing ≥0.20 each side) if span ≤ limit, else a segmented arch with voussoirs (keystone width=1.2×joint_thickness). Enforce ≥1 full bearing course above head before next opening.

- Hierarchy and datums: add plinth_height=0.60–1.00 with rustication_depth applied only to lower courses and a projecting plinth course (0.02–0.03), string_course_every=3–4 with projection=0.015–0.020, top_coping_thickness=0.08–0.12. Ensure perimeter returns: add corner/quoin logic continuous across courses and a perimeter frame (0.04–0.06) to avoid edge voids. All geometry on XZ, Z vertical; extrusions along Y; clamp parameters to ranges to prevent invalid outputs.",3
R04_stone,1,stone,c:\Users\marcr\OneDrive\Documentos\00_MarcRibert\8_Programming\01_Github\MAS_LLM_Workshop_25\experiment_dms26_baseline\_reference_images\R04.jpg,c:\Users\marcr\OneDrive\Documentos\00_MarcRibert\8_Programming\01_Github\MAS_LLM_Workshop_25\experiment_dms26_baseline\R04_stone\01_render.png,2,3,2,2.33,design_modeling,"Target the modeling_agent by replacing the thin panel grid with a stone-aware stereotomy and opening logic.

- Coursed ashlar generator (replace module_size/window_ratio): keep width/height; add course_heights=[0.20,0.25,0.30], joint_thickness=0.008–0.015, stone_thickness=0.10–0.18 (veneer) or 0.25–0.40 (bearing), bond_type={""running"",""stack""}, block_length_factor_range=(2,4), tolerance_jitter=0.0–0.01, rustication_depth=0.015–0.030. For each Z course, tile X with rectangular blocks whose length = k*course_height (k in range), enforce stagger per bond_type with min head length ≥0.6*course_height, leave joints as gaps = joint_thickness, extrude blocks along Y by stone_thickness; add quoin blocks at both vertical edges with width = 1.5×course_height.

- Rule-based apertures and spans (replace random removals): add bay_count (3–7), bay_clear = (width - 2*margin)/bay_count, margin=0.15–0.30; sill_height=0.80–1.00, window_height=1.10–1.40, reveal_depth=0.03–0.06, lintel_type={""monolithic"",""arch""}, lintel_span_limit=1.8. Place window bays on bay centers; snap sill/head to nearest course lines; cut blocks at jambs; add sill stone (thickness=course_height, projection=0.02–0.04), jamb stones (full-height per course), and either a monolithic lintel (depth=course_height, bearing ≥0.20 each side) if span ≤ limit, else a segmented arch with voussoirs (keystone width=1.2×joint_thickness). Enforce ≥1 full bearing course above head before next opening.

- Hierarchy and datums: add plinth_height=0.60–1.00 with rustication_depth applied only to lower courses and a projecting plinth course (0.02–0.03), string_course_every=3–4 with projection=0.015–0.020, top_coping_thickness=0.08–0.12. Ensure perimeter returns: add corner/quoin logic continuous across courses and a perimeter frame (0.04–0.06) to avoid edge voids. All geometry on XZ, Z vertical; extrusions along Y; clamp parameters to ranges to prevent invalid outputs.",3
R04_stone,2,stone,c:\Users\marcr\OneDrive\Documentos\00_MarcRibert\8_Programming\01_Github\MAS_LLM_Workshop_25\experiment_dms26_baseline\_reference_images\R04.jpg,c:\Users\marcr\OneDrive\Documentos\00_MarcRibert\8_Programming\01_Github\MAS_LLM_Workshop_25\experiment_dms26_baseline\R04_stone\02_render.png,2,3,2,2.33,design_modeling,"Target the modeling_agent by replacing the thin panel grid with a stone-aware stereotomy and opening logic.

- Coursed ashlar generator (replace module_size/window_ratio): keep width/height; add course_heights=[0.20,0.25,0.30], joint_thickness=0.008–0.015, stone_thickness=0.10–0.18 (veneer) or 0.25–0.40 (bearing), bond_type={""running"",""stack""}, block_length_factor_range=(2,4), tolerance_jitter=0.0–0.01, rustication_depth=0.015–0.030. For each Z course, tile X with rectangular blocks whose length = k*course_height (k in range), enforce stagger per bond_type with min head length ≥0.6*course_height, leave joints as gaps = joint_thickness, extrude blocks along Y by stone_thickness; add quoin blocks at both vertical edges with width = 1.5×course_height.

- Rule-based apertures and spans (replace random removals): add bay_count (3–7), bay_clear = (width - 2*margin)/bay_count, margin=0.15–0.30; sill_height=0.80–1.00, window_height=1.10–1.40, reveal_depth=0.03–0.06, lintel_type={""monolithic"",""arch""}, lintel_span_limit=1.8. Place window bays on bay centers; snap sill/head to nearest course lines; cut blocks at jambs; add sill stone (thickness=course_height, projection=0.02–0.04), jamb stones (full-height per course), and either a monolithic lintel (depth=course_height, bearing ≥0.20 each side) if span ≤ limit, else a segmented arch with voussoirs (keystone width=1.2×joint_thickness). Enforce ≥1 full bearing course above head before next opening.

- Hierarchy and datums: add plinth_height=0.60–1.00 with rustication_depth applied only to lower courses and a projecting plinth course (0.02–0.03), string_course_every=3–4 with projection=0.015–0.020, top_coping_thickness=0.08–0.12. Ensure perimeter returns: add corner/quoin logic continuous across courses and a perimeter frame (0.04–0.06) to avoid edge voids. All geometry on XZ, Z vertical; extrusions along Y; clamp parameters to ranges to prevent invalid outputs.",3
R04_stone,3,stone,c:\Users\marcr\OneDrive\Documentos\00_MarcRibert\8_Programming\01_Github\MAS_LLM_Workshop_25\experiment_dms26_baseline\_reference_images\R04.jpg,c:\Users\marcr\OneDrive\Documentos\00_MarcRibert\8_Programming\01_Github\MAS_LLM_Workshop_25\experiment_dms26_baseline\R04_stone\03_render.png,2,3,2,2.33,design_modeling,"Target the modeling_agent by replacing the thin panel grid with a stone-aware stereotomy and opening logic.

- Coursed ashlar generator (replace module_size/window_ratio): keep width/height; add course_heights=[0.20,0.25,0.30], joint_thickness=0.008–0.015, stone_thickness=0.10–0.18 (veneer) or 0.25–0.40 (bearing), bond_type={""running"",""stack""}, block_length_factor_range=(2,4), tolerance_jitter=0.0–0.01, rustication_depth=0.015–0.030. For each Z course, tile X with rectangular blocks whose length = k*course_height (k in range), enforce stagger per bond_type with min head length ≥0.6*course_height, leave joints as gaps = joint_thickness, extrude blocks along Y by stone_thickness; add quoin blocks at both vertical edges with width = 1.5×course_height.

- Rule-based apertures and spans (replace random removals): add bay_count (3–7), bay_clear = (width - 2*margin)/bay_count, margin=0.15–0.30; sill_height=0.80–1.00, window_height=1.10–1.40, reveal_depth=0.03–0.06, lintel_type={""monolithic"",""arch""}, lintel_span_limit=1.8. Place window bays on bay centers; snap sill/head to nearest course lines; cut blocks at jambs; add sill stone (thickness=course_height, projection=0.02–0.04), jamb stones (full-height per course), and either a monolithic lintel (depth=course_height, bearing ≥0.20 each side) if span ≤ limit, else a segmented arch with voussoirs (keystone width=1.2×joint_thickness). Enforce ≥1 full bearing course above head before next opening.

- Hierarchy and datums: add plinth_height=0.60–1.00 with rustication_depth applied only to lower courses and a projecting plinth course (0.02–0.03), string_course_every=3–4 with projection=0.015–0.020, top_coping_thickness=0.08–0.12. Ensure perimeter returns: add corner/quoin logic continuous across courses and a perimeter frame (0.04–0.06) to avoid edge voids. All geometry on XZ, Z vertical; extrusions along Y; clamp parameters to ranges to prevent invalid outputs.",3
R04_stone,4,stone,c:\Users\marcr\OneDrive\Documentos\00_MarcRibert\8_Programming\01_Github\MAS_LLM_Workshop_25\experiment_dms26_baseline\_reference_images\R04.jpg,c:\Users\marcr\OneDrive\Documentos\00_MarcRibert\8_Programming\01_Github\MAS_LLM_Workshop_25\experiment_dms26_baseline\R04_stone\04_render.png,2,3,2,2.33,design_modeling,"Target the modeling_agent by replacing the thin panel grid with a stone-aware stereotomy and opening logic.

- Coursed ashlar generator (replace module_size/window_ratio): keep width/height; add course_heights=[0.20,0.25,0.30], joint_thickness=0.008–0.015, stone_thickness=0.10–0.18 (veneer) or 0.25–0.40 (bearing), bond_type={""running"",""stack""}, block_length_factor_range=(2,4), tolerance_jitter=0.0–0.01, rustication_depth=0.015–0.030. For each Z course, tile X with rectangular blocks whose length = k*course_height (k in range), enforce stagger per bond_type with min head length ≥0.6*course_height, leave joints as gaps = joint_thickness, extrude blocks along Y by stone_thickness; add quoin blocks at both vertical edges with width = 1.5×course_height.

- Rule-based apertures and spans (replace random removals): add bay_count (3–7), bay_clear = (width - 2*margin)/bay_count, margin=0.15–0.30; sill_height=0.80–1.00, window_height=1.10–1.40, reveal_depth=0.03–0.06, lintel_type={""monolithic"",""arch""}, lintel_span_limit=1.8. Place window bays on bay centers; snap sill/head to nearest course lines; cut blocks at jambs; add sill stone (thickness=course_height, projection=0.02–0.04), jamb stones (full-height per course), and either a monolithic lintel (depth=course_height, bearing ≥0.20 each side) if span ≤ limit, else a segmented arch with voussoirs (keystone width=1.2×joint_thickness). Enforce ≥1 full bearing course above head before next opening.

- Hierarchy and datums: add plinth_height=0.60–1.00 with rustication_depth applied only to lower courses and a projecting plinth course (0.02–0.03), string_course_every=3–4 with projection=0.015–0.020, top_coping_thickness=0.08–0.12. Ensure perimeter returns: add corner/quoin logic continuous across courses and a perimeter frame (0.04–0.06) to avoid edge voids. All geometry on XZ, Z vertical; extrusions along Y; clamp parameters to ranges to prevent invalid outputs.",3
R04_timber,0,timber,c:\Users\marcr\OneDrive\Documentos\00_MarcRibert\8_Programming\01_Github\MAS_LLM_Workshop_25\experiment_dms26_baseline\_reference_images\R04.jpg,c:\Users\marcr\OneDrive\Documentos\00_MarcRibert\8_Programming\01_Github\MAS_LLM_Workshop_25\experiment_dms26_baseline\R04_timber\00_render.png,1,2,2,1.67,design_concept,"- Fix facade dimensions and modular grid tied to timber: set facade width W=12.0 m, height H=9.0 m (3 stories @ storyHeight=3.0 m). Use studModule=0.6 m; constrain bayWidth to 1.2 m (2 studs) or 1.8 m (3 studs) only, and enforce integer numberOfBays=W/bayWidth. Establish datums: base reveal=0.15 m above grade, sill=0.90 m, head=2.40 m, parapet cap=0.10 m.
- Specify a ventilated timber rainscreen system with explicit layers and sizes: inside→out = studs 45x140 mm @ 600 mm o.c. with top/bottom plates; 18 mm sheathing; WRB (no thickness); vertical counter-battens 20x45 mm @ 600 mm; horizontal girts 30x45 mm @ 600 mm; vertical boards 140 mm wide x 18–22 mm thick with 10 mm open shadow gap (alt: shiplap with 15 mm overlap). Set cavityDepth=40 mm; boardDepth=18–22 mm; keep total cladding projection ≤70 mm. Require continuous board runs per story, align board joints to datums, and end boards with a 10 mm edge reveal at corners/base/parapet.
- Define openings and framing rules (no randomness): window width = 1.2 m or 1.8 m (multiples of studModule), height=1.5 m; sill=0.90 m, head=2.40 m; center within bays and align by story. Frame each opening with double jamb studs, header 45x190 mm, sill 45x140 mm; keep ≥0.30 m clear from facade edges. Model windows as true voids cut through sheathing/cavity; trim cladding around openings with a 10–15 mm perimeter gap and add 40–60 mm deep timber returns at reveals.",1
R04_timber,1,timber,c:\Users\marcr\OneDrive\Documentos\00_MarcRibert\8_Programming\01_Github\MAS_LLM_Workshop_25\experiment_dms26_baseline\_reference_images\R04.jpg,c:\Users\marcr\OneDrive\Documentos\00_MarcRibert\8_Programming\01_Github\MAS_LLM_Workshop_25\experiment_dms26_baseline\R04_timber\01_render.png,1,2,2,1.67,design_concept,"- Fix facade dimensions and modular grid tied to timber: set facade width W=12.0 m, height H=9.0 m (3 stories @ storyHeight=3.0 m). Use studModule=0.6 m; constrain bayWidth to 1.2 m (2 studs) or 1.8 m (3 studs) only, and enforce integer numberOfBays=W/bayWidth. Establish datums: base reveal=0.15 m above grade, sill=0.90 m, head=2.40 m, parapet cap=0.10 m.
- Specify a ventilated timber rainscreen system with explicit layers and sizes: inside→out = studs 45x140 mm @ 600 mm o.c. with top/bottom plates; 18 mm sheathing; WRB (no thickness); vertical counter-battens 20x45 mm @ 600 mm; horizontal girts 30x45 mm @ 600 mm; vertical boards 140 mm wide x 18–22 mm thick with 10 mm open shadow gap (alt: shiplap with 15 mm overlap). Set cavityDepth=40 mm; boardDepth=18–22 mm; keep total cladding projection ≤70 mm. Require continuous board runs per story, align board joints to datums, and end boards with a 10 mm edge reveal at corners/base/parapet.
- Define openings and framing rules (no randomness): window width = 1.2 m or 1.8 m (multiples of studModule), height=1.5 m; sill=0.90 m, head=2.40 m; center within bays and align by story. Frame each opening with double jamb studs, header 45x190 mm, sill 45x140 mm; keep ≥0.30 m clear from facade edges. Model windows as true voids cut through sheathing/cavity; trim cladding around openings with a 10–15 mm perimeter gap and add 40–60 mm deep timber returns at reveals.",1
R04_timber,2,timber,c:\Users\marcr\OneDrive\Documentos\00_MarcRibert\8_Programming\01_Github\MAS_LLM_Workshop_25\experiment_dms26_baseline\_reference_images\R04.jpg,c:\Users\marcr\OneDrive\Documentos\00_MarcRibert\8_Programming\01_Github\MAS_LLM_Workshop_25\experiment_dms26_baseline\R04_timber\02_render.png,1,2,2,1.67,design_concept,"- Fix facade dimensions and modular grid tied to timber: set facade width W=12.0 m, height H=9.0 m (3 stories @ storyHeight=3.0 m). Use studModule=0.6 m; constrain bayWidth to 1.2 m (2 studs) or 1.8 m (3 studs) only, and enforce integer numberOfBays=W/bayWidth. Establish datums: base reveal=0.15 m above grade, sill=0.90 m, head=2.40 m, parapet cap=0.10 m.
- Specify a ventilated timber rainscreen system with explicit layers and sizes: inside→out = studs 45x140 mm @ 600 mm o.c. with top/bottom plates; 18 mm sheathing; WRB (no thickness); vertical counter-battens 20x45 mm @ 600 mm; horizontal girts 30x45 mm @ 600 mm; vertical boards 140 mm wide x 18–22 mm thick with 10 mm open shadow gap (alt: shiplap with 15 mm overlap). Set cavityDepth=40 mm; boardDepth=18–22 mm; keep total cladding projection ≤70 mm. Require continuous board runs per story, align board joints to datums, and end boards with a 10 mm edge reveal at corners/base/parapet.
- Define openings and framing rules (no randomness): window width = 1.2 m or 1.8 m (multiples of studModule), height=1.5 m; sill=0.90 m, head=2.40 m; center within bays and align by story. Frame each opening with double jamb studs, header 45x190 mm, sill 45x140 mm; keep ≥0.30 m clear from facade edges. Model windows as true voids cut through sheathing/cavity; trim cladding around openings with a 10–15 mm perimeter gap and add 40–60 mm deep timber returns at reveals.",1
R04_timber,3,timber,c:\Users\marcr\OneDrive\Documentos\00_MarcRibert\8_Programming\01_Github\MAS_LLM_Workshop_25\experiment_dms26_baseline\_reference_images\R04.jpg,c:\Users\marcr\OneDrive\Documentos\00_MarcRibert\8_Programming\01_Github\MAS_LLM_Workshop_25\experiment_dms26_baseline\R04_timber\03_render.png,1,2,2,1.67,design_concept,"- Fix facade dimensions and modular grid tied to timber: set facade width W=12.0 m, height H=9.0 m (3 stories @ storyHeight=3.0 m). Use studModule=0.6 m; constrain bayWidth to 1.2 m (2 studs) or 1.8 m (3 studs) only, and enforce integer numberOfBays=W/bayWidth. Establish datums: base reveal=0.15 m above grade, sill=0.90 m, head=2.40 m, parapet cap=0.10 m.
- Specify a ventilated timber rainscreen system with explicit layers and sizes: inside→out = studs 45x140 mm @ 600 mm o.c. with top/bottom plates; 18 mm sheathing; WRB (no thickness); vertical counter-battens 20x45 mm @ 600 mm; horizontal girts 30x45 mm @ 600 mm; vertical boards 140 mm wide x 18–22 mm thick with 10 mm open shadow gap (alt: shiplap with 15 mm overlap). Set cavityDepth=40 mm; boardDepth=18–22 mm; keep total cladding projection ≤70 mm. Require continuous board runs per story, align board joints to datums, and end boards with a 10 mm edge reveal at corners/base/parapet.
- Define openings and framing rules (no randomness): window width = 1.2 m or 1.8 m (multiples of studModule), height=1.5 m; sill=0.90 m, head=2.40 m; center within bays and align by story. Frame each opening with double jamb studs, header 45x190 mm, sill 45x140 mm; keep ≥0.30 m clear from facade edges. Model windows as true voids cut through sheathing/cavity; trim cladding around openings with a 10–15 mm perimeter gap and add 40–60 mm deep timber returns at reveals.",1
R04_timber,4,timber,c:\Users\marcr\OneDrive\Documentos\00_MarcRibert\8_Programming\01_Github\MAS_LLM_Workshop_25\experiment_dms26_baseline\_reference_images\R04.jpg,c:\Users\marcr\OneDrive\Documentos\00_MarcRibert\8_Programming\01_Github\MAS_LLM_Workshop_25\experiment_dms26_baseline\R04_timber\04_render.png,1,2,2,1.67,design_concept,"- Fix facade dimensions and modular grid tied to timber: set facade width W=12.0 m, height H=9.0 m (3 stories @ storyHeight=3.0 m). Use studModule=0.6 m; constrain bayWidth to 1.2 m (2 studs) or 1.8 m (3 studs) only, and enforce integer numberOfBays=W/bayWidth. Establish datums: base reveal=0.15 m above grade, sill=0.90 m, head=2.40 m, parapet cap=0.10 m.
- Specify a ventilated timber rainscreen system with explicit layers and sizes: inside→out = studs 45x140 mm @ 600 mm o.c. with top/bottom plates; 18 mm sheathing; WRB (no thickness); vertical counter-battens 20x45 mm @ 600 mm; horizontal girts 30x45 mm @ 600 mm; vertical boards 140 mm wide x 18–22 mm thick with 10 mm open shadow gap (alt: shiplap with 15 mm overlap). Set cavityDepth=40 mm; boardDepth=18–22 mm; keep total cladding projection ≤70 mm. Require continuous board runs per story, align board joints to datums, and end boards with a 10 mm edge reveal at corners/base/parapet.
- Define openings and framing rules (no randomness): window width = 1.2 m or 1.8 m (multiples of studModule), height=1.5 m; sill=0.90 m, head=2.40 m; center within bays and align by story. Frame each opening with double jamb studs, header 45x190 mm, sill 45x140 mm; keep ≥0.30 m clear from facade edges. Model windows as true voids cut through sheathing/cavity; trim cladding around openings with a 10–15 mm perimeter gap and add 40–60 mm deep timber returns at reveals.",1
R05_clay,0,clay,c:\Users\marcr\OneDrive\Documentos\00_MarcRibert\8_Programming\01_Github\MAS_LLM_Workshop_25\experiment_dms26_baseline\_reference_images\R05.jpg,c:\Users\marcr\OneDrive\Documentos\00_MarcRibert\8_Programming\01_Github\MAS_LLM_Workshop_25\experiment_dms26_baseline\R05_clay\00_render.png,2,4,2,2.67,design_concept,"Refocus the design task on a clay unit masonry module and explicit tectonic rules tied to integer multiples of that module.

- Module-driven dimensions and snapping: specify facade_width/height/thickness (m) = [8–16]/[8–16]/[0.24–0.36]; unit_LWH (m) = [0.21–0.30]/[0.05–0.10]/[0.06–0.10] with joint_thickness = [8–12] mm; derive courses = floor((height−parapet−plinth)/(unit_H+joint)), bays = integer; enforce pier_width ≥ (2–4) units and spandrel_height ≥ (2–4) courses; all window sizes/positions must snap to whole units/courses (no fractions), keeping solid_to_void_ratio = 0.4–0.7.
- Clay-specific opening tectonics: choose lintel_type = {flat_soldier, segmental_arch}; if flat, set lintel_depth = 1–2 courses; if arch, set radius/span to whole-unit increments; define jamb_reveal_depth = 0–1 unit_L and sill_projection = 0.5–1 unit_L with 1–2-course thickness; openings cut to depth with reveal_y = wall_thickness − (0.5–1.0)·unit_L (not through-cuts by default); window_clear_w = (3–6) units, window_clear_h = (6–12) courses.
- Layering, relief, and secondary systems: include screen_zones with porosity = 0.35–0.5 using rotated units arrayed on the module; add plinth_thickening = +0.5–1 unit and parapet = 2–3 courses; optional corbel_band at parapet with overhang_per_course ≤ 0.33·unit_L for (2–4) courses; provide a step order for modeling: 1) build coursed wall by height/bays, 2) place module grid, 3) cut openings snapped to grid, 4) add reveals/sills/lintels (or arches), 5) generate screen panels, 6) apply plinth/corbel/parapet. Expose parameters: facade_width, facade_height, wall_thickness, unit_LWH, joint_thickness, bay_count, pier_units_min, spandrel_courses_min, window_clear_w_units, window_clear_h_courses, lintel_type, reveal_depth_units, sill_proj_units, screen_porosity, corbel_courses, corbel_overhang_per_course, parapet_courses, plinth_thickening_units.",1
R05_clay,1,clay,c:\Users\marcr\OneDrive\Documentos\00_MarcRibert\8_Programming\01_Github\MAS_LLM_Workshop_25\experiment_dms26_baseline\_reference_images\R05.jpg,c:\Users\marcr\OneDrive\Documentos\00_MarcRibert\8_Programming\01_Github\MAS_LLM_Workshop_25\experiment_dms26_baseline\R05_clay\01_render.png,2,4,2,2.67,design_concept,"Refocus the design task on a clay unit masonry module and explicit tectonic rules tied to integer multiples of that module.

- Module-driven dimensions and snapping: specify facade_width/height/thickness (m) = [8–16]/[8–16]/[0.24–0.36]; unit_LWH (m) = [0.21–0.30]/[0.05–0.10]/[0.06–0.10] with joint_thickness = [8–12] mm; derive courses = floor((height−parapet−plinth)/(unit_H+joint)), bays = integer; enforce pier_width ≥ (2–4) units and spandrel_height ≥ (2–4) courses; all window sizes/positions must snap to whole units/courses (no fractions), keeping solid_to_void_ratio = 0.4–0.7.
- Clay-specific opening tectonics: choose lintel_type = {flat_soldier, segmental_arch}; if flat, set lintel_depth = 1–2 courses; if arch, set radius/span to whole-unit increments; define jamb_reveal_depth = 0–1 unit_L and sill_projection = 0.5–1 unit_L with 1–2-course thickness; openings cut to depth with reveal_y = wall_thickness − (0.5–1.0)·unit_L (not through-cuts by default); window_clear_w = (3–6) units, window_clear_h = (6–12) courses.
- Layering, relief, and secondary systems: include screen_zones with porosity = 0.35–0.5 using rotated units arrayed on the module; add plinth_thickening = +0.5–1 unit and parapet = 2–3 courses; optional corbel_band at parapet with overhang_per_course ≤ 0.33·unit_L for (2–4) courses; provide a step order for modeling: 1) build coursed wall by height/bays, 2) place module grid, 3) cut openings snapped to grid, 4) add reveals/sills/lintels (or arches), 5) generate screen panels, 6) apply plinth/corbel/parapet. Expose parameters: facade_width, facade_height, wall_thickness, unit_LWH, joint_thickness, bay_count, pier_units_min, spandrel_courses_min, window_clear_w_units, window_clear_h_courses, lintel_type, reveal_depth_units, sill_proj_units, screen_porosity, corbel_courses, corbel_overhang_per_course, parapet_courses, plinth_thickening_units.",1
R05_clay,2,clay,c:\Users\marcr\OneDrive\Documentos\00_MarcRibert\8_Programming\01_Github\MAS_LLM_Workshop_25\experiment_dms26_baseline\_reference_images\R05.jpg,c:\Users\marcr\OneDrive\Documentos\00_MarcRibert\8_Programming\01_Github\MAS_LLM_Workshop_25\experiment_dms26_baseline\R05_clay\02_render.png,2,4,2,2.67,design_concept,"Refocus the design task on a clay unit masonry module and explicit tectonic rules tied to integer multiples of that module.

- Module-driven dimensions and snapping: specify facade_width/height/thickness (m) = [8–16]/[8–16]/[0.24–0.36]; unit_LWH (m) = [0.21–0.30]/[0.05–0.10]/[0.06–0.10] with joint_thickness = [8–12] mm; derive courses = floor((height−parapet−plinth)/(unit_H+joint)), bays = integer; enforce pier_width ≥ (2–4) units and spandrel_height ≥ (2–4) courses; all window sizes/positions must snap to whole units/courses (no fractions), keeping solid_to_void_ratio = 0.4–0.7.
- Clay-specific opening tectonics: choose lintel_type = {flat_soldier, segmental_arch}; if flat, set lintel_depth = 1–2 courses; if arch, set radius/span to whole-unit increments; define jamb_reveal_depth = 0–1 unit_L and sill_projection = 0.5–1 unit_L with 1–2-course thickness; openings cut to depth with reveal_y = wall_thickness − (0.5–1.0)·unit_L (not through-cuts by default); window_clear_w = (3–6) units, window_clear_h = (6–12) courses.
- Layering, relief, and secondary systems: include screen_zones with porosity = 0.35–0.5 using rotated units arrayed on the module; add plinth_thickening = +0.5–1 unit and parapet = 2–3 courses; optional corbel_band at parapet with overhang_per_course ≤ 0.33·unit_L for (2–4) courses; provide a step order for modeling: 1) build coursed wall by height/bays, 2) place module grid, 3) cut openings snapped to grid, 4) add reveals/sills/lintels (or arches), 5) generate screen panels, 6) apply plinth/corbel/parapet. Expose parameters: facade_width, facade_height, wall_thickness, unit_LWH, joint_thickness, bay_count, pier_units_min, spandrel_courses_min, window_clear_w_units, window_clear_h_courses, lintel_type, reveal_depth_units, sill_proj_units, screen_porosity, corbel_courses, corbel_overhang_per_course, parapet_courses, plinth_thickening_units.",1
R05_concrete,0,concrete,c:\Users\marcr\OneDrive\Documentos\00_MarcRibert\8_Programming\01_Github\MAS_LLM_Workshop_25\experiment_dms26_baseline\_reference_images\R05.jpg,c:\Users\marcr\OneDrive\Documentos\00_MarcRibert\8_Programming\01_Github\MAS_LLM_Workshop_25\experiment_dms26_baseline\R05_concrete\00_render.png,2,3,2,2.33,design_modeling,"- Add concrete thickness and joints: introduce panel_thickness (0.12–0.20 m) and joint_gap (0.015–0.025 m); compute bay pitch = panel_width + joint_gap; constrain panel_width to 1.2–3.6 m; extrude each panel along +Y by panel_thickness with back face at Y=0, and apply 0.01–0.02 m edge chamfers to exposed corners.
- Replace random depth offsets with rule-based pilasters/reveals: remove stochastic y_offset and apply a repeating pattern per bay index (e.g., pattern=[0, +pilaster_proj, 0, -pilaster_proj], pilaster_proj=0.05–0.15 m along +Y); add horizontal reveals across faces at reveal_spacing_z=0.6–1.2 m with reveal_depth=0.01–0.02 m to express cast joints.
- Encode story alignment and panelization: add story_height=3.0–4.2 m and (if needed) story_count; snap panel_height to story_height and split panels with horizontal joints (using joint_gap) at each story; optionally add a spandrel band at story lines (spandrel_height=0.25–0.40 m, spandrel_proj=0.05–0.10 m) to cue bearing/anchorage.",4
R05_concrete,1,concrete,c:\Users\marcr\OneDrive\Documentos\00_MarcRibert\8_Programming\01_Github\MAS_LLM_Workshop_25\experiment_dms26_baseline\_reference_images\R05.jpg,c:\Users\marcr\OneDrive\Documentos\00_MarcRibert\8_Programming\01_Github\MAS_LLM_Workshop_25\experiment_dms26_baseline\R05_concrete\01_render.png,2,3,2,2.33,design_modeling,"- Add concrete thickness and joints: introduce panel_thickness (0.12–0.20 m) and joint_gap (0.015–0.025 m); compute bay pitch = panel_width + joint_gap; constrain panel_width to 1.2–3.6 m; extrude each panel along +Y by panel_thickness with back face at Y=0, and apply 0.01–0.02 m edge chamfers to exposed corners.
- Replace random depth offsets with rule-based pilasters/reveals: remove stochastic y_offset and apply a repeating pattern per bay index (e.g., pattern=[0, +pilaster_proj, 0, -pilaster_proj], pilaster_proj=0.05–0.15 m along +Y); add horizontal reveals across faces at reveal_spacing_z=0.6–1.2 m with reveal_depth=0.01–0.02 m to express cast joints.
- Encode story alignment and panelization: add story_height=3.0–4.2 m and (if needed) story_count; snap panel_height to story_height and split panels with horizontal joints (using joint_gap) at each story; optionally add a spandrel band at story lines (spandrel_height=0.25–0.40 m, spandrel_proj=0.05–0.10 m) to cue bearing/anchorage.",4
R05_concrete,2,concrete,c:\Users\marcr\OneDrive\Documentos\00_MarcRibert\8_Programming\01_Github\MAS_LLM_Workshop_25\experiment_dms26_baseline\_reference_images\R05.jpg,c:\Users\marcr\OneDrive\Documentos\00_MarcRibert\8_Programming\01_Github\MAS_LLM_Workshop_25\experiment_dms26_baseline\R05_concrete\02_render.png,2,3,2,2.33,design_modeling,"- Add concrete thickness and joints: introduce panel_thickness (0.12–0.20 m) and joint_gap (0.015–0.025 m); compute bay pitch = panel_width + joint_gap; constrain panel_width to 1.2–3.6 m; extrude each panel along +Y by panel_thickness with back face at Y=0, and apply 0.01–0.02 m edge chamfers to exposed corners.
- Replace random depth offsets with rule-based pilasters/reveals: remove stochastic y_offset and apply a repeating pattern per bay index (e.g., pattern=[0, +pilaster_proj, 0, -pilaster_proj], pilaster_proj=0.05–0.15 m along +Y); add horizontal reveals across faces at reveal_spacing_z=0.6–1.2 m with reveal_depth=0.01–0.02 m to express cast joints.
- Encode story alignment and panelization: add story_height=3.0–4.2 m and (if needed) story_count; snap panel_height to story_height and split panels with horizontal joints (using joint_gap) at each story; optionally add a spandrel band at story lines (spandrel_height=0.25–0.40 m, spandrel_proj=0.05–0.10 m) to cue bearing/anchorage.",4
R05_concrete,3,concrete,c:\Users\marcr\OneDrive\Documentos\00_MarcRibert\8_Programming\01_Github\MAS_LLM_Workshop_25\experiment_dms26_baseline\_reference_images\R05.jpg,c:\Users\marcr\OneDrive\Documentos\00_MarcRibert\8_Programming\01_Github\MAS_LLM_Workshop_25\experiment_dms26_baseline\R05_concrete\03_render.png,2,3,2,2.33,design_modeling,"- Add concrete thickness and joints: introduce panel_thickness (0.12–0.20 m) and joint_gap (0.015–0.025 m); compute bay pitch = panel_width + joint_gap; constrain panel_width to 1.2–3.6 m; extrude each panel along +Y by panel_thickness with back face at Y=0, and apply 0.01–0.02 m edge chamfers to exposed corners.
- Replace random depth offsets with rule-based pilasters/reveals: remove stochastic y_offset and apply a repeating pattern per bay index (e.g., pattern=[0, +pilaster_proj, 0, -pilaster_proj], pilaster_proj=0.05–0.15 m along +Y); add horizontal reveals across faces at reveal_spacing_z=0.6–1.2 m with reveal_depth=0.01–0.02 m to express cast joints.
- Encode story alignment and panelization: add story_height=3.0–4.2 m and (if needed) story_count; snap panel_height to story_height and split panels with horizontal joints (using joint_gap) at each story; optionally add a spandrel band at story lines (spandrel_height=0.25–0.40 m, spandrel_proj=0.05–0.10 m) to cue bearing/anchorage.",4
R05_concrete,4,concrete,c:\Users\marcr\OneDrive\Documentos\00_MarcRibert\8_Programming\01_Github\MAS_LLM_Workshop_25\experiment_dms26_baseline\_reference_images\R05.jpg,c:\Users\marcr\OneDrive\Documentos\00_MarcRibert\8_Programming\01_Github\MAS_LLM_Workshop_25\experiment_dms26_baseline\R05_concrete\04_render.png,2,3,2,2.33,design_modeling,"- Add concrete thickness and joints: introduce panel_thickness (0.12–0.20 m) and joint_gap (0.015–0.025 m); compute bay pitch = panel_width + joint_gap; constrain panel_width to 1.2–3.6 m; extrude each panel along +Y by panel_thickness with back face at Y=0, and apply 0.01–0.02 m edge chamfers to exposed corners.
- Replace random depth offsets with rule-based pilasters/reveals: remove stochastic y_offset and apply a repeating pattern per bay index (e.g., pattern=[0, +pilaster_proj, 0, -pilaster_proj], pilaster_proj=0.05–0.15 m along +Y); add horizontal reveals across faces at reveal_spacing_z=0.6–1.2 m with reveal_depth=0.01–0.02 m to express cast joints.
- Encode story alignment and panelization: add story_height=3.0–4.2 m and (if needed) story_count; snap panel_height to story_height and split panels with horizontal joints (using joint_gap) at each story; optionally add a spandrel band at story lines (spandrel_height=0.25–0.40 m, spandrel_proj=0.05–0.10 m) to cue bearing/anchorage.",4
R05_metal,0,metal,c:\Users\marcr\OneDrive\Documentos\00_MarcRibert\8_Programming\01_Github\MAS_LLM_Workshop_25\experiment_dms26_baseline\_reference_images\R05.jpg,c:\Users\marcr\OneDrive\Documentos\00_MarcRibert\8_Programming\01_Github\MAS_LLM_Workshop_25\experiment_dms26_baseline\R05_metal\00_render.png,2,2,3,2.33,design_concept,"- Dimensions and grid: Fix facade width=12.0 m and height=9.0 m (3 stories @ 3.0 m); 4 bays @ 3.0 m structural spacing along X; working plane is XZ with Z up. Metal cassette nominal size=1.2 m (W) x 0.6 m (H) in running bond; reveal (joint) = 15 mm; cavity (rail-to-back of cassette)=50 mm. Constrain params: panel_W ∈ [0.6,1.5], panel_H ∈ [0.4,0.8], reveal ∈ [8,20] mm, return_depth ∈ [20,35] mm, cavity ∈ [40,80] mm.
- Facade system and components: Aluminum rainscreen cassette system with 25–35 mm folded returns on all edges, clipped to vertical T-rails @ 1.2 m and horizontal Z-girts @ 0.6 m; base starter angle at Z=0 and head coping at Z=9.0 m; 10 mm ventilation gap behind cassette; corner condition: 40 mm external corner profile or wrapped cassette. Express seams as 15 mm continuous reveals; show rails (40x60 mm) and girts (40x40 mm) where visible through reveals/at base.
- Procedural steps (for modeling agent to follow): 1) Draw facade boundary (12x9 m) and story datums at Z={0,3,6,9}; 2) Place subframe grid (T-rails every 1.2 m from X=0, Z-girts every 0.6 m from Z=0); 3) Tile cassette centroids in running bond to fill boundary minus 15 mm reveals; 4) For each cassette, build a thin face and create 25–35 mm edge returns by offsetting inwards and extruding back to form a shallow box; 5) Maintain 15 mm reveals between panels, align courses to story datums, and clip at edges with coping/base trims; 6) Optional: define a 0.6 m-tall perforated spandrel band centered at Z=4.5 m with 30% open area (20 mm dia holes @ 60 mm pitch) to reinforce metal specificity.",1
R05_metal,1,metal,c:\Users\marcr\OneDrive\Documentos\00_MarcRibert\8_Programming\01_Github\MAS_LLM_Workshop_25\experiment_dms26_baseline\_reference_images\R05.jpg,c:\Users\marcr\OneDrive\Documentos\00_MarcRibert\8_Programming\01_Github\MAS_LLM_Workshop_25\experiment_dms26_baseline\R05_metal\01_render.png,2,2,3,2.33,design_concept,"- Dimensions and grid: Fix facade width=12.0 m and height=9.0 m (3 stories @ 3.0 m); 4 bays @ 3.0 m structural spacing along X; working plane is XZ with Z up. Metal cassette nominal size=1.2 m (W) x 0.6 m (H) in running bond; reveal (joint) = 15 mm; cavity (rail-to-back of cassette)=50 mm. Constrain params: panel_W ∈ [0.6,1.5], panel_H ∈ [0.4,0.8], reveal ∈ [8,20] mm, return_depth ∈ [20,35] mm, cavity ∈ [40,80] mm.
- Facade system and components: Aluminum rainscreen cassette system with 25–35 mm folded returns on all edges, clipped to vertical T-rails @ 1.2 m and horizontal Z-girts @ 0.6 m; base starter angle at Z=0 and head coping at Z=9.0 m; 10 mm ventilation gap behind cassette; corner condition: 40 mm external corner profile or wrapped cassette. Express seams as 15 mm continuous reveals; show rails (40x60 mm) and girts (40x40 mm) where visible through reveals/at base.
- Procedural steps (for modeling agent to follow): 1) Draw facade boundary (12x9 m) and story datums at Z={0,3,6,9}; 2) Place subframe grid (T-rails every 1.2 m from X=0, Z-girts every 0.6 m from Z=0); 3) Tile cassette centroids in running bond to fill boundary minus 15 mm reveals; 4) For each cassette, build a thin face and create 25–35 mm edge returns by offsetting inwards and extruding back to form a shallow box; 5) Maintain 15 mm reveals between panels, align courses to story datums, and clip at edges with coping/base trims; 6) Optional: define a 0.6 m-tall perforated spandrel band centered at Z=4.5 m with 30% open area (20 mm dia holes @ 60 mm pitch) to reinforce metal specificity.",1
R05_metal,2,metal,c:\Users\marcr\OneDrive\Documentos\00_MarcRibert\8_Programming\01_Github\MAS_LLM_Workshop_25\experiment_dms26_baseline\_reference_images\R05.jpg,c:\Users\marcr\OneDrive\Documentos\00_MarcRibert\8_Programming\01_Github\MAS_LLM_Workshop_25\experiment_dms26_baseline\R05_metal\02_render.png,2,2,3,2.33,design_concept,"- Dimensions and grid: Fix facade width=12.0 m and height=9.0 m (3 stories @ 3.0 m); 4 bays @ 3.0 m structural spacing along X; working plane is XZ with Z up. Metal cassette nominal size=1.2 m (W) x 0.6 m (H) in running bond; reveal (joint) = 15 mm; cavity (rail-to-back of cassette)=50 mm. Constrain params: panel_W ∈ [0.6,1.5], panel_H ∈ [0.4,0.8], reveal ∈ [8,20] mm, return_depth ∈ [20,35] mm, cavity ∈ [40,80] mm.
- Facade system and components: Aluminum rainscreen cassette system with 25–35 mm folded returns on all edges, clipped to vertical T-rails @ 1.2 m and horizontal Z-girts @ 0.6 m; base starter angle at Z=0 and head coping at Z=9.0 m; 10 mm ventilation gap behind cassette; corner condition: 40 mm external corner profile or wrapped cassette. Express seams as 15 mm continuous reveals; show rails (40x60 mm) and girts (40x40 mm) where visible through reveals/at base.
- Procedural steps (for modeling agent to follow): 1) Draw facade boundary (12x9 m) and story datums at Z={0,3,6,9}; 2) Place subframe grid (T-rails every 1.2 m from X=0, Z-girts every 0.6 m from Z=0); 3) Tile cassette centroids in running bond to fill boundary minus 15 mm reveals; 4) For each cassette, build a thin face and create 25–35 mm edge returns by offsetting inwards and extruding back to form a shallow box; 5) Maintain 15 mm reveals between panels, align courses to story datums, and clip at edges with coping/base trims; 6) Optional: define a 0.6 m-tall perforated spandrel band centered at Z=4.5 m with 30% open area (20 mm dia holes @ 60 mm pitch) to reinforce metal specificity.",1
R05_metal,3,metal,c:\Users\marcr\OneDrive\Documentos\00_MarcRibert\8_Programming\01_Github\MAS_LLM_Workshop_25\experiment_dms26_baseline\_reference_images\R05.jpg,c:\Users\marcr\OneDrive\Documentos\00_MarcRibert\8_Programming\01_Github\MAS_LLM_Workshop_25\experiment_dms26_baseline\R05_metal\03_render.png,2,2,3,2.33,design_concept,"- Dimensions and grid: Fix facade width=12.0 m and height=9.0 m (3 stories @ 3.0 m); 4 bays @ 3.0 m structural spacing along X; working plane is XZ with Z up. Metal cassette nominal size=1.2 m (W) x 0.6 m (H) in running bond; reveal (joint) = 15 mm; cavity (rail-to-back of cassette)=50 mm. Constrain params: panel_W ∈ [0.6,1.5], panel_H ∈ [0.4,0.8], reveal ∈ [8,20] mm, return_depth ∈ [20,35] mm, cavity ∈ [40,80] mm.
- Facade system and components: Aluminum rainscreen cassette system with 25–35 mm folded returns on all edges, clipped to vertical T-rails @ 1.2 m and horizontal Z-girts @ 0.6 m; base starter angle at Z=0 and head coping at Z=9.0 m; 10 mm ventilation gap behind cassette; corner condition: 40 mm external corner profile or wrapped cassette. Express seams as 15 mm continuous reveals; show rails (40x60 mm) and girts (40x40 mm) where visible through reveals/at base.
- Procedural steps (for modeling agent to follow): 1) Draw facade boundary (12x9 m) and story datums at Z={0,3,6,9}; 2) Place subframe grid (T-rails every 1.2 m from X=0, Z-girts every 0.6 m from Z=0); 3) Tile cassette centroids in running bond to fill boundary minus 15 mm reveals; 4) For each cassette, build a thin face and create 25–35 mm edge returns by offsetting inwards and extruding back to form a shallow box; 5) Maintain 15 mm reveals between panels, align courses to story datums, and clip at edges with coping/base trims; 6) Optional: define a 0.6 m-tall perforated spandrel band centered at Z=4.5 m with 30% open area (20 mm dia holes @ 60 mm pitch) to reinforce metal specificity.",1
R05_metal,4,metal,c:\Users\marcr\OneDrive\Documentos\00_MarcRibert\8_Programming\01_Github\MAS_LLM_Workshop_25\experiment_dms26_baseline\_reference_images\R05.jpg,c:\Users\marcr\OneDrive\Documentos\00_MarcRibert\8_Programming\01_Github\MAS_LLM_Workshop_25\experiment_dms26_baseline\R05_metal\04_render.png,2,2,3,2.33,design_concept,"- Dimensions and grid: Fix facade width=12.0 m and height=9.0 m (3 stories @ 3.0 m); 4 bays @ 3.0 m structural spacing along X; working plane is XZ with Z up. Metal cassette nominal size=1.2 m (W) x 0.6 m (H) in running bond; reveal (joint) = 15 mm; cavity (rail-to-back of cassette)=50 mm. Constrain params: panel_W ∈ [0.6,1.5], panel_H ∈ [0.4,0.8], reveal ∈ [8,20] mm, return_depth ∈ [20,35] mm, cavity ∈ [40,80] mm.
- Facade system and components: Aluminum rainscreen cassette system with 25–35 mm folded returns on all edges, clipped to vertical T-rails @ 1.2 m and horizontal Z-girts @ 0.6 m; base starter angle at Z=0 and head coping at Z=9.0 m; 10 mm ventilation gap behind cassette; corner condition: 40 mm external corner profile or wrapped cassette. Express seams as 15 mm continuous reveals; show rails (40x60 mm) and girts (40x40 mm) where visible through reveals/at base.
- Procedural steps (for modeling agent to follow): 1) Draw facade boundary (12x9 m) and story datums at Z={0,3,6,9}; 2) Place subframe grid (T-rails every 1.2 m from X=0, Z-girts every 0.6 m from Z=0); 3) Tile cassette centroids in running bond to fill boundary minus 15 mm reveals; 4) For each cassette, build a thin face and create 25–35 mm edge returns by offsetting inwards and extruding back to form a shallow box; 5) Maintain 15 mm reveals between panels, align courses to story datums, and clip at edges with coping/base trims; 6) Optional: define a 0.6 m-tall perforated spandrel band centered at Z=4.5 m with 30% open area (20 mm dia holes @ 60 mm pitch) to reinforce metal specificity.",1
R05_stone,0,stone,c:\Users\marcr\OneDrive\Documentos\00_MarcRibert\8_Programming\01_Github\MAS_LLM_Workshop_25\experiment_dms26_baseline\_reference_images\R05.jpg,c:\Users\marcr\OneDrive\Documentos\00_MarcRibert\8_Programming\01_Github\MAS_LLM_Workshop_25\experiment_dms26_baseline\R05_stone\00_render.png,1,3,2,2.0,design_concept,"Target: Refine the design task to encode a stone ventilated rainscreen with explicit datums, module sizes, joints, relief, and openings, all directly translatable to modeling steps.

- System, dimensions, and module logic:
  - Facade extents: width=12.0 m (X), height=9.0 m (Z), ground at z=0.0; 3 stories @ 3.0 m each. Vertical axis is Z.
  - Stone system: ventilated rainscreen; slab thickness=40 mm; panel module WxH=1200 x 600 mm (story = 5 courses); joint width=10 mm (modeled as gaps). Base plinth = first 600 mm course rusticated.
  - Datums/relief: continuous string course at each 3.0 m floor line, height=150 mm, projection=+25 mm; plinth rustication: boss +20 mm with 10 mm drafted edge. Enforce panel aspect ratio ≤ 2:1 and snap all horizontal/vertical joints to the 600 mm coursing grid.

- Openings and framing (solid-to-void rules tied to the grid):
  - Per story: 2 window bays, each opening size=1200 x 1500 mm; sill at +900 mm above each floor datum; heads and sills must align to the 600 mm course grid (no cuts through panels).
  - Recess openings 80 mm; add a 200 mm wide stone frame (jambs/heads) projecting +15 mm; sill projects +30 mm with 15 mm drip groove underside; introduce a -25 mm recessed spandrel band one course below each window.
  - Grid accommodation: if an edge remainder < 300 mm occurs when laying modules, re-center the panel grid so left/right margins are equal and each edge piece ≥ 300 mm. Around openings, replace adjacent modules with 300 mm-wide “stretcher” strips to keep joints continuous.

- Procedural instructions (model-ready, image-driven, with parameter bounds):
  - Lay an XZ grid over 12x9 m; tile 1200x600 panels separated by 10 mm joints; clamp panel size W∈[0.8,1.4] m, H∈[0.4,0.7] m if global dims change. Output separate geometry sets/layers: 00_Joints (polylines), 01_Field (breps), 02_String, 03_Plinth, 04_Frames, 05_Openings.
  - Depths: field panels offset +40 mm; string course +65 mm (including 25 mm projection beyond field); plinth bosses +60 mm (40 + 20) with 10 mm arris chamfer; openings recess -80 mm; spandrel recess -25 mm. No positive overlaps between adjacent modules.
  - Use reference image luminance sampled per course to choose relief: for each story, aside from the fixed plinth, select at most one additional rusticated course where mean luminance<0.4; all others smooth. Remove randomness; do not seed. Ensure all geometry aligns to the 600 mm grid and respects joint continuity at story lines and around openings.",8
R05_stone,1,stone,c:\Users\marcr\OneDrive\Documentos\00_MarcRibert\8_Programming\01_Github\MAS_LLM_Workshop_25\experiment_dms26_baseline\_reference_images\R05.jpg,c:\Users\marcr\OneDrive\Documentos\00_MarcRibert\8_Programming\01_Github\MAS_LLM_Workshop_25\experiment_dms26_baseline\R05_stone\01_render.png,1,3,2,2.0,design_concept,"Target: Refine the design task to encode a stone ventilated rainscreen with explicit datums, module sizes, joints, relief, and openings, all directly translatable to modeling steps.

- System, dimensions, and module logic:
  - Facade extents: width=12.0 m (X), height=9.0 m (Z), ground at z=0.0; 3 stories @ 3.0 m each. Vertical axis is Z.
  - Stone system: ventilated rainscreen; slab thickness=40 mm; panel module WxH=1200 x 600 mm (story = 5 courses); joint width=10 mm (modeled as gaps). Base plinth = first 600 mm course rusticated.
  - Datums/relief: continuous string course at each 3.0 m floor line, height=150 mm, projection=+25 mm; plinth rustication: boss +20 mm with 10 mm drafted edge. Enforce panel aspect ratio ≤ 2:1 and snap all horizontal/vertical joints to the 600 mm coursing grid.

- Openings and framing (solid-to-void rules tied to the grid):
  - Per story: 2 window bays, each opening size=1200 x 1500 mm; sill at +900 mm above each floor datum; heads and sills must align to the 600 mm course grid (no cuts through panels).
  - Recess openings 80 mm; add a 200 mm wide stone frame (jambs/heads) projecting +15 mm; sill projects +30 mm with 15 mm drip groove underside; introduce a -25 mm recessed spandrel band one course below each window.
  - Grid accommodation: if an edge remainder < 300 mm occurs when laying modules, re-center the panel grid so left/right margins are equal and each edge piece ≥ 300 mm. Around openings, replace adjacent modules with 300 mm-wide “stretcher” strips to keep joints continuous.

- Procedural instructions (model-ready, image-driven, with parameter bounds):
  - Lay an XZ grid over 12x9 m; tile 1200x600 panels separated by 10 mm joints; clamp panel size W∈[0.8,1.4] m, H∈[0.4,0.7] m if global dims change. Output separate geometry sets/layers: 00_Joints (polylines), 01_Field (breps), 02_String, 03_Plinth, 04_Frames, 05_Openings.
  - Depths: field panels offset +40 mm; string course +65 mm (including 25 mm projection beyond field); plinth bosses +60 mm (40 + 20) with 10 mm arris chamfer; openings recess -80 mm; spandrel recess -25 mm. No positive overlaps between adjacent modules.
  - Use reference image luminance sampled per course to choose relief: for each story, aside from the fixed plinth, select at most one additional rusticated course where mean luminance<0.4; all others smooth. Remove randomness; do not seed. Ensure all geometry aligns to the 600 mm grid and respects joint continuity at story lines and around openings.",8
R05_stone,2,stone,c:\Users\marcr\OneDrive\Documentos\00_MarcRibert\8_Programming\01_Github\MAS_LLM_Workshop_25\experiment_dms26_baseline\_reference_images\R05.jpg,c:\Users\marcr\OneDrive\Documentos\00_MarcRibert\8_Programming\01_Github\MAS_LLM_Workshop_25\experiment_dms26_baseline\R05_stone\02_render.png,1,3,2,2.0,design_concept,"Target: Refine the design task to encode a stone ventilated rainscreen with explicit datums, module sizes, joints, relief, and openings, all directly translatable to modeling steps.

- System, dimensions, and module logic:
  - Facade extents: width=12.0 m (X), height=9.0 m (Z), ground at z=0.0; 3 stories @ 3.0 m each. Vertical axis is Z.
  - Stone system: ventilated rainscreen; slab thickness=40 mm; panel module WxH=1200 x 600 mm (story = 5 courses); joint width=10 mm (modeled as gaps). Base plinth = first 600 mm course rusticated.
  - Datums/relief: continuous string course at each 3.0 m floor line, height=150 mm, projection=+25 mm; plinth rustication: boss +20 mm with 10 mm drafted edge. Enforce panel aspect ratio ≤ 2:1 and snap all horizontal/vertical joints to the 600 mm coursing grid.

- Openings and framing (solid-to-void rules tied to the grid):
  - Per story: 2 window bays, each opening size=1200 x 1500 mm; sill at +900 mm above each floor datum; heads and sills must align to the 600 mm course grid (no cuts through panels).
  - Recess openings 80 mm; add a 200 mm wide stone frame (jambs/heads) projecting +15 mm; sill projects +30 mm with 15 mm drip groove underside; introduce a -25 mm recessed spandrel band one course below each window.
  - Grid accommodation: if an edge remainder < 300 mm occurs when laying modules, re-center the panel grid so left/right margins are equal and each edge piece ≥ 300 mm. Around openings, replace adjacent modules with 300 mm-wide “stretcher” strips to keep joints continuous.

- Procedural instructions (model-ready, image-driven, with parameter bounds):
  - Lay an XZ grid over 12x9 m; tile 1200x600 panels separated by 10 mm joints; clamp panel size W∈[0.8,1.4] m, H∈[0.4,0.7] m if global dims change. Output separate geometry sets/layers: 00_Joints (polylines), 01_Field (breps), 02_String, 03_Plinth, 04_Frames, 05_Openings.
  - Depths: field panels offset +40 mm; string course +65 mm (including 25 mm projection beyond field); plinth bosses +60 mm (40 + 20) with 10 mm arris chamfer; openings recess -80 mm; spandrel recess -25 mm. No positive overlaps between adjacent modules.
  - Use reference image luminance sampled per course to choose relief: for each story, aside from the fixed plinth, select at most one additional rusticated course where mean luminance<0.4; all others smooth. Remove randomness; do not seed. Ensure all geometry aligns to the 600 mm grid and respects joint continuity at story lines and around openings.",8
R05_stone,3,stone,c:\Users\marcr\OneDrive\Documentos\00_MarcRibert\8_Programming\01_Github\MAS_LLM_Workshop_25\experiment_dms26_baseline\_reference_images\R05.jpg,c:\Users\marcr\OneDrive\Documentos\00_MarcRibert\8_Programming\01_Github\MAS_LLM_Workshop_25\experiment_dms26_baseline\R05_stone\03_render.png,1,3,2,2.0,design_concept,"Target: Refine the design task to encode a stone ventilated rainscreen with explicit datums, module sizes, joints, relief, and openings, all directly translatable to modeling steps.

- System, dimensions, and module logic:
  - Facade extents: width=12.0 m (X), height=9.0 m (Z), ground at z=0.0; 3 stories @ 3.0 m each. Vertical axis is Z.
  - Stone system: ventilated rainscreen; slab thickness=40 mm; panel module WxH=1200 x 600 mm (story = 5 courses); joint width=10 mm (modeled as gaps). Base plinth = first 600 mm course rusticated.
  - Datums/relief: continuous string course at each 3.0 m floor line, height=150 mm, projection=+25 mm; plinth rustication: boss +20 mm with 10 mm drafted edge. Enforce panel aspect ratio ≤ 2:1 and snap all horizontal/vertical joints to the 600 mm coursing grid.

- Openings and framing (solid-to-void rules tied to the grid):
  - Per story: 2 window bays, each opening size=1200 x 1500 mm; sill at +900 mm above each floor datum; heads and sills must align to the 600 mm course grid (no cuts through panels).
  - Recess openings 80 mm; add a 200 mm wide stone frame (jambs/heads) projecting +15 mm; sill projects +30 mm with 15 mm drip groove underside; introduce a -25 mm recessed spandrel band one course below each window.
  - Grid accommodation: if an edge remainder < 300 mm occurs when laying modules, re-center the panel grid so left/right margins are equal and each edge piece ≥ 300 mm. Around openings, replace adjacent modules with 300 mm-wide “stretcher” strips to keep joints continuous.

- Procedural instructions (model-ready, image-driven, with parameter bounds):
  - Lay an XZ grid over 12x9 m; tile 1200x600 panels separated by 10 mm joints; clamp panel size W∈[0.8,1.4] m, H∈[0.4,0.7] m if global dims change. Output separate geometry sets/layers: 00_Joints (polylines), 01_Field (breps), 02_String, 03_Plinth, 04_Frames, 05_Openings.
  - Depths: field panels offset +40 mm; string course +65 mm (including 25 mm projection beyond field); plinth bosses +60 mm (40 + 20) with 10 mm arris chamfer; openings recess -80 mm; spandrel recess -25 mm. No positive overlaps between adjacent modules.
  - Use reference image luminance sampled per course to choose relief: for each story, aside from the fixed plinth, select at most one additional rusticated course where mean luminance<0.4; all others smooth. Remove randomness; do not seed. Ensure all geometry aligns to the 600 mm grid and respects joint continuity at story lines and around openings.",8
R05_stone,4,stone,c:\Users\marcr\OneDrive\Documentos\00_MarcRibert\8_Programming\01_Github\MAS_LLM_Workshop_25\experiment_dms26_baseline\_reference_images\R05.jpg,c:\Users\marcr\OneDrive\Documentos\00_MarcRibert\8_Programming\01_Github\MAS_LLM_Workshop_25\experiment_dms26_baseline\R05_stone\04_render.png,1,3,2,2.0,design_concept,"Target: Refine the design task to encode a stone ventilated rainscreen with explicit datums, module sizes, joints, relief, and openings, all directly translatable to modeling steps.

- System, dimensions, and module logic:
  - Facade extents: width=12.0 m (X), height=9.0 m (Z), ground at z=0.0; 3 stories @ 3.0 m each. Vertical axis is Z.
  - Stone system: ventilated rainscreen; slab thickness=40 mm; panel module WxH=1200 x 600 mm (story = 5 courses); joint width=10 mm (modeled as gaps). Base plinth = first 600 mm course rusticated.
  - Datums/relief: continuous string course at each 3.0 m floor line, height=150 mm, projection=+25 mm; plinth rustication: boss +20 mm with 10 mm drafted edge. Enforce panel aspect ratio ≤ 2:1 and snap all horizontal/vertical joints to the 600 mm coursing grid.

- Openings and framing (solid-to-void rules tied to the grid):
  - Per story: 2 window bays, each opening size=1200 x 1500 mm; sill at +900 mm above each floor datum; heads and sills must align to the 600 mm course grid (no cuts through panels).
  - Recess openings 80 mm; add a 200 mm wide stone frame (jambs/heads) projecting +15 mm; sill projects +30 mm with 15 mm drip groove underside; introduce a -25 mm recessed spandrel band one course below each window.
  - Grid accommodation: if an edge remainder < 300 mm occurs when laying modules, re-center the panel grid so left/right margins are equal and each edge piece ≥ 300 mm. Around openings, replace adjacent modules with 300 mm-wide “stretcher” strips to keep joints continuous.

- Procedural instructions (model-ready, image-driven, with parameter bounds):
  - Lay an XZ grid over 12x9 m; tile 1200x600 panels separated by 10 mm joints; clamp panel size W∈[0.8,1.4] m, H∈[0.4,0.7] m if global dims change. Output separate geometry sets/layers: 00_Joints (polylines), 01_Field (breps), 02_String, 03_Plinth, 04_Frames, 05_Openings.
  - Depths: field panels offset +40 mm; string course +65 mm (including 25 mm projection beyond field); plinth bosses +60 mm (40 + 20) with 10 mm arris chamfer; openings recess -80 mm; spandrel recess -25 mm. No positive overlaps between adjacent modules.
  - Use reference image luminance sampled per course to choose relief: for each story, aside from the fixed plinth, select at most one additional rusticated course where mean luminance<0.4; all others smooth. Remove randomness; do not seed. Ensure all geometry aligns to the 600 mm grid and respects joint continuity at story lines and around openings.",8
R05_timber,0,timber,c:\Users\marcr\OneDrive\Documentos\00_MarcRibert\8_Programming\01_Github\MAS_LLM_Workshop_25\experiment_dms26_baseline\_reference_images\R05.jpg,c:\Users\marcr\OneDrive\Documentos\00_MarcRibert\8_Programming\01_Github\MAS_LLM_Workshop_25\experiment_dms26_baseline\R05_timber\00_render.png,2,3,2,2.33,design_concept,"Refocus the design task to an explicit timber stick-frame + vertical open-joint rainscreen system with clear dimensions, hierarchy, and rule-based porosity (no random deletions).

- Dimensions and grids (XZ facade plane, Z up, Y depth): total_width=12–36 m, total_height=6–18 m, story_count=2–5, floor_height=3.0–3.6 m, bay_width=1.2 or 1.8 m; set ground at Z=0 and origin at bottom-left. Primary frame: studs 45x140 mm @ 600 mm o.c.; top/bottom plates 45x140; optional mid-rail at 1.2 m if floor_height>3.2 m. Declare parameters with ranges and snap all elements/openings to this grid.
- Facade system and layering (with Y-depths): frame depth=140 mm; ventilated cavity=30 mm via 45x45 horizontal girts @ 600 mm c/c fixed to studs; cladding=vertical boards 140x20 mm with 8–10 mm gaps. Max board length=3.6 m; enforce butt joints only at girts and stagger by 600–900 mm between adjacent boards. Expose vertical rhythm (board width+gap=150 mm module) and horizontal seams at girts; add 10–15 mm edge/reveal at perimeter and at openings.
- Openings and rule-set porosity: define window modules W x H in meters: 1.2x1.2, 1.2x1.8, 2.4x1.8; place per bay/story using rules: jambs align to nearest studs; head at floor_height-0.30 m; sill at 0.90 m. For each opening, insert headers (double 45x140) and sills (45x140), trim studs, and add trimmer studs. Remove/trim only boards within framed extents; keep continuous boards above/below with proper butt joints at girts. Enforce continuous base course (no floating members) and allow aggregation of adjacent modules to form larger apertures while preserving the stud grid alignment.",1
R05_timber,1,timber,c:\Users\marcr\OneDrive\Documentos\00_MarcRibert\8_Programming\01_Github\MAS_LLM_Workshop_25\experiment_dms26_baseline\_reference_images\R05.jpg,c:\Users\marcr\OneDrive\Documentos\00_MarcRibert\8_Programming\01_Github\MAS_LLM_Workshop_25\experiment_dms26_baseline\R05_timber\01_render.png,2,3,2,2.33,design_concept,"Refocus the design task to an explicit timber stick-frame + vertical open-joint rainscreen system with clear dimensions, hierarchy, and rule-based porosity (no random deletions).

- Dimensions and grids (XZ facade plane, Z up, Y depth): total_width=12–36 m, total_height=6–18 m, story_count=2–5, floor_height=3.0–3.6 m, bay_width=1.2 or 1.8 m; set ground at Z=0 and origin at bottom-left. Primary frame: studs 45x140 mm @ 600 mm o.c.; top/bottom plates 45x140; optional mid-rail at 1.2 m if floor_height>3.2 m. Declare parameters with ranges and snap all elements/openings to this grid.
- Facade system and layering (with Y-depths): frame depth=140 mm; ventilated cavity=30 mm via 45x45 horizontal girts @ 600 mm c/c fixed to studs; cladding=vertical boards 140x20 mm with 8–10 mm gaps. Max board length=3.6 m; enforce butt joints only at girts and stagger by 600–900 mm between adjacent boards. Expose vertical rhythm (board width+gap=150 mm module) and horizontal seams at girts; add 10–15 mm edge/reveal at perimeter and at openings.
- Openings and rule-set porosity: define window modules W x H in meters: 1.2x1.2, 1.2x1.8, 2.4x1.8; place per bay/story using rules: jambs align to nearest studs; head at floor_height-0.30 m; sill at 0.90 m. For each opening, insert headers (double 45x140) and sills (45x140), trim studs, and add trimmer studs. Remove/trim only boards within framed extents; keep continuous boards above/below with proper butt joints at girts. Enforce continuous base course (no floating members) and allow aggregation of adjacent modules to form larger apertures while preserving the stud grid alignment.",1
R05_timber,2,timber,c:\Users\marcr\OneDrive\Documentos\00_MarcRibert\8_Programming\01_Github\MAS_LLM_Workshop_25\experiment_dms26_baseline\_reference_images\R05.jpg,c:\Users\marcr\OneDrive\Documentos\00_MarcRibert\8_Programming\01_Github\MAS_LLM_Workshop_25\experiment_dms26_baseline\R05_timber\02_render.png,2,3,2,2.33,design_concept,"Refocus the design task to an explicit timber stick-frame + vertical open-joint rainscreen system with clear dimensions, hierarchy, and rule-based porosity (no random deletions).

- Dimensions and grids (XZ facade plane, Z up, Y depth): total_width=12–36 m, total_height=6–18 m, story_count=2–5, floor_height=3.0–3.6 m, bay_width=1.2 or 1.8 m; set ground at Z=0 and origin at bottom-left. Primary frame: studs 45x140 mm @ 600 mm o.c.; top/bottom plates 45x140; optional mid-rail at 1.2 m if floor_height>3.2 m. Declare parameters with ranges and snap all elements/openings to this grid.
- Facade system and layering (with Y-depths): frame depth=140 mm; ventilated cavity=30 mm via 45x45 horizontal girts @ 600 mm c/c fixed to studs; cladding=vertical boards 140x20 mm with 8–10 mm gaps. Max board length=3.6 m; enforce butt joints only at girts and stagger by 600–900 mm between adjacent boards. Expose vertical rhythm (board width+gap=150 mm module) and horizontal seams at girts; add 10–15 mm edge/reveal at perimeter and at openings.
- Openings and rule-set porosity: define window modules W x H in meters: 1.2x1.2, 1.2x1.8, 2.4x1.8; place per bay/story using rules: jambs align to nearest studs; head at floor_height-0.30 m; sill at 0.90 m. For each opening, insert headers (double 45x140) and sills (45x140), trim studs, and add trimmer studs. Remove/trim only boards within framed extents; keep continuous boards above/below with proper butt joints at girts. Enforce continuous base course (no floating members) and allow aggregation of adjacent modules to form larger apertures while preserving the stud grid alignment.",1
R05_timber,3,timber,c:\Users\marcr\OneDrive\Documentos\00_MarcRibert\8_Programming\01_Github\MAS_LLM_Workshop_25\experiment_dms26_baseline\_reference_images\R05.jpg,c:\Users\marcr\OneDrive\Documentos\00_MarcRibert\8_Programming\01_Github\MAS_LLM_Workshop_25\experiment_dms26_baseline\R05_timber\03_render.png,2,3,2,2.33,design_concept,"Refocus the design task to an explicit timber stick-frame + vertical open-joint rainscreen system with clear dimensions, hierarchy, and rule-based porosity (no random deletions).

- Dimensions and grids (XZ facade plane, Z up, Y depth): total_width=12–36 m, total_height=6–18 m, story_count=2–5, floor_height=3.0–3.6 m, bay_width=1.2 or 1.8 m; set ground at Z=0 and origin at bottom-left. Primary frame: studs 45x140 mm @ 600 mm o.c.; top/bottom plates 45x140; optional mid-rail at 1.2 m if floor_height>3.2 m. Declare parameters with ranges and snap all elements/openings to this grid.
- Facade system and layering (with Y-depths): frame depth=140 mm; ventilated cavity=30 mm via 45x45 horizontal girts @ 600 mm c/c fixed to studs; cladding=vertical boards 140x20 mm with 8–10 mm gaps. Max board length=3.6 m; enforce butt joints only at girts and stagger by 600–900 mm between adjacent boards. Expose vertical rhythm (board width+gap=150 mm module) and horizontal seams at girts; add 10–15 mm edge/reveal at perimeter and at openings.
- Openings and rule-set porosity: define window modules W x H in meters: 1.2x1.2, 1.2x1.8, 2.4x1.8; place per bay/story using rules: jambs align to nearest studs; head at floor_height-0.30 m; sill at 0.90 m. For each opening, insert headers (double 45x140) and sills (45x140), trim studs, and add trimmer studs. Remove/trim only boards within framed extents; keep continuous boards above/below with proper butt joints at girts. Enforce continuous base course (no floating members) and allow aggregation of adjacent modules to form larger apertures while preserving the stud grid alignment.",1
R05_timber,4,timber,c:\Users\marcr\OneDrive\Documentos\00_MarcRibert\8_Programming\01_Github\MAS_LLM_Workshop_25\experiment_dms26_baseline\_reference_images\R05.jpg,c:\Users\marcr\OneDrive\Documentos\00_MarcRibert\8_Programming\01_Github\MAS_LLM_Workshop_25\experiment_dms26_baseline\R05_timber\04_render.png,2,3,2,2.33,design_concept,"Refocus the design task to an explicit timber stick-frame + vertical open-joint rainscreen system with clear dimensions, hierarchy, and rule-based porosity (no random deletions).

- Dimensions and grids (XZ facade plane, Z up, Y depth): total_width=12–36 m, total_height=6–18 m, story_count=2–5, floor_height=3.0–3.6 m, bay_width=1.2 or 1.8 m; set ground at Z=0 and origin at bottom-left. Primary frame: studs 45x140 mm @ 600 mm o.c.; top/bottom plates 45x140; optional mid-rail at 1.2 m if floor_height>3.2 m. Declare parameters with ranges and snap all elements/openings to this grid.
- Facade system and layering (with Y-depths): frame depth=140 mm; ventilated cavity=30 mm via 45x45 horizontal girts @ 600 mm c/c fixed to studs; cladding=vertical boards 140x20 mm with 8–10 mm gaps. Max board length=3.6 m; enforce butt joints only at girts and stagger by 600–900 mm between adjacent boards. Expose vertical rhythm (board width+gap=150 mm module) and horizontal seams at girts; add 10–15 mm edge/reveal at perimeter and at openings.
- Openings and rule-set porosity: define window modules W x H in meters: 1.2x1.2, 1.2x1.8, 2.4x1.8; place per bay/story using rules: jambs align to nearest studs; head at floor_height-0.30 m; sill at 0.90 m. For each opening, insert headers (double 45x140) and sills (45x140), trim studs, and add trimmer studs. Remove/trim only boards within framed extents; keep continuous boards above/below with proper butt joints at girts. Enforce continuous base course (no floating members) and allow aggregation of adjacent modules to form larger apertures while preserving the stud grid alignment.",1
R06_clay,0,clay,c:\Users\marcr\OneDrive\Documentos\00_MarcRibert\8_Programming\01_Github\MAS_LLM_Workshop_25\experiment_dms26_baseline\_reference_images\R06.jpg,c:\Users\marcr\OneDrive\Documentos\00_MarcRibert\8_Programming\01_Github\MAS_LLM_Workshop_25\experiment_dms26_baseline\R06_clay\00_render.png,2,2,1,1.67,design_concept,"Prioritize the design_task_agent (design concept). Encode clay’s tectonics as explicit, parameterized rules so the modeling can implement unit-based assembly instead of generic panels.

- Dimensions + module + coursing/bond: Set clay unit and joints (brick_length=190 mm, brick_width=90 mm, brick_height=57 mm, joint=10 mm; course_height=67 mm). Define wall_thickness=110–215 mm (default 110). Global facade params: facade_width=6–24 m, stories=2–6, story_height=2.7–3.6 m, bay_count=3–8. Specify bond_pattern=""stretcher"" with half-brick offset every other course; optional header_course_every=6 for tie courses. Compute courses_per_story=floor(story_height/course_height) and snap all vertical dimensions to course indices.

- Depth/relief + perforation strategy: Define relief_depth_per_course in mm (range −40 to +40) and enforce max_overhang_per_course ≤ 1/3 brick (≤63 mm). Provide relief_profile_z as course-indexed bands (e.g., spandrel bands, corbelled parapet). Add perforation_zones (by x-ranges or story indices) using a hit-and-miss pattern (void_ratio=0.30–0.50) by omitting/rotating every other brick within selected courses; keep continuous jamb courses around openings.

- Openings tectonics snapped to the grid: Specify openings by module: window_width = n*brick_length + (n−1)*joint; set sill_course_index and head_course_index per story; enforce min_pier_width ≥ 2 bricks (≥380 mm) and lintel bearing ≥150 mm each side. Define lintel_type={soldier_course, steel_angle} and sill_type={rowlock, projected_course}. Require special courses: soldier at heads, rowlock at sills; jamb returns = full bricks. All openings, sills, heads, and jambs must align to the brick grid; express joints as 10 mm recess grooves; back-up plane at y=−150 mm for veneer condition.",1
R06_clay,1,clay,c:\Users\marcr\OneDrive\Documentos\00_MarcRibert\8_Programming\01_Github\MAS_LLM_Workshop_25\experiment_dms26_baseline\_reference_images\R06.jpg,c:\Users\marcr\OneDrive\Documentos\00_MarcRibert\8_Programming\01_Github\MAS_LLM_Workshop_25\experiment_dms26_baseline\R06_clay\01_render.png,2,2,1,1.67,design_concept,"Prioritize the design_task_agent (design concept). Encode clay’s tectonics as explicit, parameterized rules so the modeling can implement unit-based assembly instead of generic panels.

- Dimensions + module + coursing/bond: Set clay unit and joints (brick_length=190 mm, brick_width=90 mm, brick_height=57 mm, joint=10 mm; course_height=67 mm). Define wall_thickness=110–215 mm (default 110). Global facade params: facade_width=6–24 m, stories=2–6, story_height=2.7–3.6 m, bay_count=3–8. Specify bond_pattern=""stretcher"" with half-brick offset every other course; optional header_course_every=6 for tie courses. Compute courses_per_story=floor(story_height/course_height) and snap all vertical dimensions to course indices.

- Depth/relief + perforation strategy: Define relief_depth_per_course in mm (range −40 to +40) and enforce max_overhang_per_course ≤ 1/3 brick (≤63 mm). Provide relief_profile_z as course-indexed bands (e.g., spandrel bands, corbelled parapet). Add perforation_zones (by x-ranges or story indices) using a hit-and-miss pattern (void_ratio=0.30–0.50) by omitting/rotating every other brick within selected courses; keep continuous jamb courses around openings.

- Openings tectonics snapped to the grid: Specify openings by module: window_width = n*brick_length + (n−1)*joint; set sill_course_index and head_course_index per story; enforce min_pier_width ≥ 2 bricks (≥380 mm) and lintel bearing ≥150 mm each side. Define lintel_type={soldier_course, steel_angle} and sill_type={rowlock, projected_course}. Require special courses: soldier at heads, rowlock at sills; jamb returns = full bricks. All openings, sills, heads, and jambs must align to the brick grid; express joints as 10 mm recess grooves; back-up plane at y=−150 mm for veneer condition.",1
R06_clay,2,clay,c:\Users\marcr\OneDrive\Documentos\00_MarcRibert\8_Programming\01_Github\MAS_LLM_Workshop_25\experiment_dms26_baseline\_reference_images\R06.jpg,c:\Users\marcr\OneDrive\Documentos\00_MarcRibert\8_Programming\01_Github\MAS_LLM_Workshop_25\experiment_dms26_baseline\R06_clay\02_render.png,2,2,1,1.67,design_concept,"Prioritize the design_task_agent (design concept). Encode clay’s tectonics as explicit, parameterized rules so the modeling can implement unit-based assembly instead of generic panels.

- Dimensions + module + coursing/bond: Set clay unit and joints (brick_length=190 mm, brick_width=90 mm, brick_height=57 mm, joint=10 mm; course_height=67 mm). Define wall_thickness=110–215 mm (default 110). Global facade params: facade_width=6–24 m, stories=2–6, story_height=2.7–3.6 m, bay_count=3–8. Specify bond_pattern=""stretcher"" with half-brick offset every other course; optional header_course_every=6 for tie courses. Compute courses_per_story=floor(story_height/course_height) and snap all vertical dimensions to course indices.

- Depth/relief + perforation strategy: Define relief_depth_per_course in mm (range −40 to +40) and enforce max_overhang_per_course ≤ 1/3 brick (≤63 mm). Provide relief_profile_z as course-indexed bands (e.g., spandrel bands, corbelled parapet). Add perforation_zones (by x-ranges or story indices) using a hit-and-miss pattern (void_ratio=0.30–0.50) by omitting/rotating every other brick within selected courses; keep continuous jamb courses around openings.

- Openings tectonics snapped to the grid: Specify openings by module: window_width = n*brick_length + (n−1)*joint; set sill_course_index and head_course_index per story; enforce min_pier_width ≥ 2 bricks (≥380 mm) and lintel bearing ≥150 mm each side. Define lintel_type={soldier_course, steel_angle} and sill_type={rowlock, projected_course}. Require special courses: soldier at heads, rowlock at sills; jamb returns = full bricks. All openings, sills, heads, and jambs must align to the brick grid; express joints as 10 mm recess grooves; back-up plane at y=−150 mm for veneer condition.",1
R06_clay,3,clay,c:\Users\marcr\OneDrive\Documentos\00_MarcRibert\8_Programming\01_Github\MAS_LLM_Workshop_25\experiment_dms26_baseline\_reference_images\R06.jpg,c:\Users\marcr\OneDrive\Documentos\00_MarcRibert\8_Programming\01_Github\MAS_LLM_Workshop_25\experiment_dms26_baseline\R06_clay\03_render.png,2,2,1,1.67,design_concept,"Prioritize the design_task_agent (design concept). Encode clay’s tectonics as explicit, parameterized rules so the modeling can implement unit-based assembly instead of generic panels.

- Dimensions + module + coursing/bond: Set clay unit and joints (brick_length=190 mm, brick_width=90 mm, brick_height=57 mm, joint=10 mm; course_height=67 mm). Define wall_thickness=110–215 mm (default 110). Global facade params: facade_width=6–24 m, stories=2–6, story_height=2.7–3.6 m, bay_count=3–8. Specify bond_pattern=""stretcher"" with half-brick offset every other course; optional header_course_every=6 for tie courses. Compute courses_per_story=floor(story_height/course_height) and snap all vertical dimensions to course indices.

- Depth/relief + perforation strategy: Define relief_depth_per_course in mm (range −40 to +40) and enforce max_overhang_per_course ≤ 1/3 brick (≤63 mm). Provide relief_profile_z as course-indexed bands (e.g., spandrel bands, corbelled parapet). Add perforation_zones (by x-ranges or story indices) using a hit-and-miss pattern (void_ratio=0.30–0.50) by omitting/rotating every other brick within selected courses; keep continuous jamb courses around openings.

- Openings tectonics snapped to the grid: Specify openings by module: window_width = n*brick_length + (n−1)*joint; set sill_course_index and head_course_index per story; enforce min_pier_width ≥ 2 bricks (≥380 mm) and lintel bearing ≥150 mm each side. Define lintel_type={soldier_course, steel_angle} and sill_type={rowlock, projected_course}. Require special courses: soldier at heads, rowlock at sills; jamb returns = full bricks. All openings, sills, heads, and jambs must align to the brick grid; express joints as 10 mm recess grooves; back-up plane at y=−150 mm for veneer condition.",1
R06_clay,4,clay,c:\Users\marcr\OneDrive\Documentos\00_MarcRibert\8_Programming\01_Github\MAS_LLM_Workshop_25\experiment_dms26_baseline\_reference_images\R06.jpg,c:\Users\marcr\OneDrive\Documentos\00_MarcRibert\8_Programming\01_Github\MAS_LLM_Workshop_25\experiment_dms26_baseline\R06_clay\04_render.png,2,2,1,1.67,design_concept,"Prioritize the design_task_agent (design concept). Encode clay’s tectonics as explicit, parameterized rules so the modeling can implement unit-based assembly instead of generic panels.

- Dimensions + module + coursing/bond: Set clay unit and joints (brick_length=190 mm, brick_width=90 mm, brick_height=57 mm, joint=10 mm; course_height=67 mm). Define wall_thickness=110–215 mm (default 110). Global facade params: facade_width=6–24 m, stories=2–6, story_height=2.7–3.6 m, bay_count=3–8. Specify bond_pattern=""stretcher"" with half-brick offset every other course; optional header_course_every=6 for tie courses. Compute courses_per_story=floor(story_height/course_height) and snap all vertical dimensions to course indices.

- Depth/relief + perforation strategy: Define relief_depth_per_course in mm (range −40 to +40) and enforce max_overhang_per_course ≤ 1/3 brick (≤63 mm). Provide relief_profile_z as course-indexed bands (e.g., spandrel bands, corbelled parapet). Add perforation_zones (by x-ranges or story indices) using a hit-and-miss pattern (void_ratio=0.30–0.50) by omitting/rotating every other brick within selected courses; keep continuous jamb courses around openings.

- Openings tectonics snapped to the grid: Specify openings by module: window_width = n*brick_length + (n−1)*joint; set sill_course_index and head_course_index per story; enforce min_pier_width ≥ 2 bricks (≥380 mm) and lintel bearing ≥150 mm each side. Define lintel_type={soldier_course, steel_angle} and sill_type={rowlock, projected_course}. Require special courses: soldier at heads, rowlock at sills; jamb returns = full bricks. All openings, sills, heads, and jambs must align to the brick grid; express joints as 10 mm recess grooves; back-up plane at y=−150 mm for veneer condition.",1
R06_concrete,0,concrete,c:\Users\marcr\OneDrive\Documentos\00_MarcRibert\8_Programming\01_Github\MAS_LLM_Workshop_25\experiment_dms26_baseline\_reference_images\R06.jpg,c:\Users\marcr\OneDrive\Documentos\00_MarcRibert\8_Programming\01_Github\MAS_LLM_Workshop_25\experiment_dms26_baseline\R06_concrete\00_render.png,1,3,3,2.33,design_concept,"- Declare dimensions and datums explicitly: overall facade 18.0 m (W) x 12.8 m (H); 4 levels at 3.2 m story height; 6 bays at 3.0 m; precast panel max 3.0 x 6.0 m; 15 mm vertical/horizontal joints; 450 mm concrete plinth at grade.
- Fix the concrete system and components (precast, panelized): panel thickness 180 mm; 25 mm edge chamfer; 20 mm perimeter reveal; continuous 200 mm deep spandrel band at each floor line; optional 80 mm deep ribs at 300 mm pitch on solid panel fields; punched windows 1.2 x 1.6 m centered in select panels with 30° splayed 100 mm-deep returns and a 10 mm head drip notch.
- Provide step-by-step modeling instructions: build XZ bay/floor grid; panelize by bay and level into solid and punched panel types; offset perimeters 20 mm for reveals; extrude panels 180 mm along +Y; subtract window openings and add splayed returns; add spandrels and ribs to specified panels; maintain 15 mm joints as gaps; chamfer 25 mm panel edges; output closed polysurfaces per panel; expose parameters with ranges (thickness 150–250 mm, joint 10–20 mm, rib depth 60–120 mm, rib spacing 250–400 mm).",1
R06_concrete,1,concrete,c:\Users\marcr\OneDrive\Documentos\00_MarcRibert\8_Programming\01_Github\MAS_LLM_Workshop_25\experiment_dms26_baseline\_reference_images\R06.jpg,c:\Users\marcr\OneDrive\Documentos\00_MarcRibert\8_Programming\01_Github\MAS_LLM_Workshop_25\experiment_dms26_baseline\R06_concrete\01_render.png,1,3,3,2.33,design_concept,"- Declare dimensions and datums explicitly: overall facade 18.0 m (W) x 12.8 m (H); 4 levels at 3.2 m story height; 6 bays at 3.0 m; precast panel max 3.0 x 6.0 m; 15 mm vertical/horizontal joints; 450 mm concrete plinth at grade.
- Fix the concrete system and components (precast, panelized): panel thickness 180 mm; 25 mm edge chamfer; 20 mm perimeter reveal; continuous 200 mm deep spandrel band at each floor line; optional 80 mm deep ribs at 300 mm pitch on solid panel fields; punched windows 1.2 x 1.6 m centered in select panels with 30° splayed 100 mm-deep returns and a 10 mm head drip notch.
- Provide step-by-step modeling instructions: build XZ bay/floor grid; panelize by bay and level into solid and punched panel types; offset perimeters 20 mm for reveals; extrude panels 180 mm along +Y; subtract window openings and add splayed returns; add spandrels and ribs to specified panels; maintain 15 mm joints as gaps; chamfer 25 mm panel edges; output closed polysurfaces per panel; expose parameters with ranges (thickness 150–250 mm, joint 10–20 mm, rib depth 60–120 mm, rib spacing 250–400 mm).",1
R06_concrete,2,concrete,c:\Users\marcr\OneDrive\Documentos\00_MarcRibert\8_Programming\01_Github\MAS_LLM_Workshop_25\experiment_dms26_baseline\_reference_images\R06.jpg,c:\Users\marcr\OneDrive\Documentos\00_MarcRibert\8_Programming\01_Github\MAS_LLM_Workshop_25\experiment_dms26_baseline\R06_concrete\02_render.png,1,3,3,2.33,design_concept,"- Declare dimensions and datums explicitly: overall facade 18.0 m (W) x 12.8 m (H); 4 levels at 3.2 m story height; 6 bays at 3.0 m; precast panel max 3.0 x 6.0 m; 15 mm vertical/horizontal joints; 450 mm concrete plinth at grade.
- Fix the concrete system and components (precast, panelized): panel thickness 180 mm; 25 mm edge chamfer; 20 mm perimeter reveal; continuous 200 mm deep spandrel band at each floor line; optional 80 mm deep ribs at 300 mm pitch on solid panel fields; punched windows 1.2 x 1.6 m centered in select panels with 30° splayed 100 mm-deep returns and a 10 mm head drip notch.
- Provide step-by-step modeling instructions: build XZ bay/floor grid; panelize by bay and level into solid and punched panel types; offset perimeters 20 mm for reveals; extrude panels 180 mm along +Y; subtract window openings and add splayed returns; add spandrels and ribs to specified panels; maintain 15 mm joints as gaps; chamfer 25 mm panel edges; output closed polysurfaces per panel; expose parameters with ranges (thickness 150–250 mm, joint 10–20 mm, rib depth 60–120 mm, rib spacing 250–400 mm).",1
R06_concrete,3,concrete,c:\Users\marcr\OneDrive\Documentos\00_MarcRibert\8_Programming\01_Github\MAS_LLM_Workshop_25\experiment_dms26_baseline\_reference_images\R06.jpg,c:\Users\marcr\OneDrive\Documentos\00_MarcRibert\8_Programming\01_Github\MAS_LLM_Workshop_25\experiment_dms26_baseline\R06_concrete\03_render.png,1,3,3,2.33,design_concept,"- Declare dimensions and datums explicitly: overall facade 18.0 m (W) x 12.8 m (H); 4 levels at 3.2 m story height; 6 bays at 3.0 m; precast panel max 3.0 x 6.0 m; 15 mm vertical/horizontal joints; 450 mm concrete plinth at grade.
- Fix the concrete system and components (precast, panelized): panel thickness 180 mm; 25 mm edge chamfer; 20 mm perimeter reveal; continuous 200 mm deep spandrel band at each floor line; optional 80 mm deep ribs at 300 mm pitch on solid panel fields; punched windows 1.2 x 1.6 m centered in select panels with 30° splayed 100 mm-deep returns and a 10 mm head drip notch.
- Provide step-by-step modeling instructions: build XZ bay/floor grid; panelize by bay and level into solid and punched panel types; offset perimeters 20 mm for reveals; extrude panels 180 mm along +Y; subtract window openings and add splayed returns; add spandrels and ribs to specified panels; maintain 15 mm joints as gaps; chamfer 25 mm panel edges; output closed polysurfaces per panel; expose parameters with ranges (thickness 150–250 mm, joint 10–20 mm, rib depth 60–120 mm, rib spacing 250–400 mm).",1
R06_concrete,4,concrete,c:\Users\marcr\OneDrive\Documentos\00_MarcRibert\8_Programming\01_Github\MAS_LLM_Workshop_25\experiment_dms26_baseline\_reference_images\R06.jpg,c:\Users\marcr\OneDrive\Documentos\00_MarcRibert\8_Programming\01_Github\MAS_LLM_Workshop_25\experiment_dms26_baseline\R06_concrete\04_render.png,1,3,3,2.33,design_concept,"- Declare dimensions and datums explicitly: overall facade 18.0 m (W) x 12.8 m (H); 4 levels at 3.2 m story height; 6 bays at 3.0 m; precast panel max 3.0 x 6.0 m; 15 mm vertical/horizontal joints; 450 mm concrete plinth at grade.
- Fix the concrete system and components (precast, panelized): panel thickness 180 mm; 25 mm edge chamfer; 20 mm perimeter reveal; continuous 200 mm deep spandrel band at each floor line; optional 80 mm deep ribs at 300 mm pitch on solid panel fields; punched windows 1.2 x 1.6 m centered in select panels with 30° splayed 100 mm-deep returns and a 10 mm head drip notch.
- Provide step-by-step modeling instructions: build XZ bay/floor grid; panelize by bay and level into solid and punched panel types; offset perimeters 20 mm for reveals; extrude panels 180 mm along +Y; subtract window openings and add splayed returns; add spandrels and ribs to specified panels; maintain 15 mm joints as gaps; chamfer 25 mm panel edges; output closed polysurfaces per panel; expose parameters with ranges (thickness 150–250 mm, joint 10–20 mm, rib depth 60–120 mm, rib spacing 250–400 mm).",1
R06_metal,0,metal,c:\Users\marcr\OneDrive\Documentos\00_MarcRibert\8_Programming\01_Github\MAS_LLM_Workshop_25\experiment_dms26_baseline\_reference_images\R06.jpg,c:\Users\marcr\OneDrive\Documentos\00_MarcRibert\8_Programming\01_Github\MAS_LLM_Workshop_25\experiment_dms26_baseline\R06_metal\00_render.png,1,3,2,2.0,design_modeling,"- Replace current grid_size, module_size, randomness with scale-anchored inputs and derived counts: building_width (m), building_height (m), story_height (3.3–3.9 m), bay_width (1.2–1.8 m). Compute nx = floor(building_width/bay_width) and nz = floor(building_height/story_height); snap panel grid to these datums so Z no longer varies randomly. Deprecate randomness; if variation is desired, apply it to perforation density, not panel extents.
- Model metal as thin cassettes with seams and cavity instead of volumetric boxes: add parameters panel_thickness = 0.002–0.004 m, return_depth = 0.02–0.04 m, seam_gap = 0.012–0.018 m, cavity_depth = 0.03–0.06 m. For each panel cell, create a planar surface on the XZ grid, offset for thickness, generate 25–40 mm edge returns (extrude edges along −Y by return_depth), and leave seam_gap between adjacent panels. Keep all panel depths at Y=0 to −cavity_depth; remove any scaling of Z.
- Add a readable subframe and optional image-driven perforation: create vertical rails at bay lines and horizontals at story lines at Y = −cavity_depth using subframe_spacing = 1.2 m centers, rail_width = 0.02–0.04 m, rail_depth = 0.03–0.05 m. Map reference-image grayscale per panel to perforation_diameter = 0.003–0.012 m or porosity, enforcing a 25 mm unperforated edge margin; apply variation to hole size/density, not to panel size.",1
R06_metal,1,metal,c:\Users\marcr\OneDrive\Documentos\00_MarcRibert\8_Programming\01_Github\MAS_LLM_Workshop_25\experiment_dms26_baseline\_reference_images\R06.jpg,c:\Users\marcr\OneDrive\Documentos\00_MarcRibert\8_Programming\01_Github\MAS_LLM_Workshop_25\experiment_dms26_baseline\R06_metal\01_render.png,1,3,2,2.0,design_modeling,"- Replace current grid_size, module_size, randomness with scale-anchored inputs and derived counts: building_width (m), building_height (m), story_height (3.3–3.9 m), bay_width (1.2–1.8 m). Compute nx = floor(building_width/bay_width) and nz = floor(building_height/story_height); snap panel grid to these datums so Z no longer varies randomly. Deprecate randomness; if variation is desired, apply it to perforation density, not panel extents.
- Model metal as thin cassettes with seams and cavity instead of volumetric boxes: add parameters panel_thickness = 0.002–0.004 m, return_depth = 0.02–0.04 m, seam_gap = 0.012–0.018 m, cavity_depth = 0.03–0.06 m. For each panel cell, create a planar surface on the XZ grid, offset for thickness, generate 25–40 mm edge returns (extrude edges along −Y by return_depth), and leave seam_gap between adjacent panels. Keep all panel depths at Y=0 to −cavity_depth; remove any scaling of Z.
- Add a readable subframe and optional image-driven perforation: create vertical rails at bay lines and horizontals at story lines at Y = −cavity_depth using subframe_spacing = 1.2 m centers, rail_width = 0.02–0.04 m, rail_depth = 0.03–0.05 m. Map reference-image grayscale per panel to perforation_diameter = 0.003–0.012 m or porosity, enforcing a 25 mm unperforated edge margin; apply variation to hole size/density, not to panel size.",1
R06_metal,2,metal,c:\Users\marcr\OneDrive\Documentos\00_MarcRibert\8_Programming\01_Github\MAS_LLM_Workshop_25\experiment_dms26_baseline\_reference_images\R06.jpg,c:\Users\marcr\OneDrive\Documentos\00_MarcRibert\8_Programming\01_Github\MAS_LLM_Workshop_25\experiment_dms26_baseline\R06_metal\02_render.png,1,3,2,2.0,design_modeling,"- Replace current grid_size, module_size, randomness with scale-anchored inputs and derived counts: building_width (m), building_height (m), story_height (3.3–3.9 m), bay_width (1.2–1.8 m). Compute nx = floor(building_width/bay_width) and nz = floor(building_height/story_height); snap panel grid to these datums so Z no longer varies randomly. Deprecate randomness; if variation is desired, apply it to perforation density, not panel extents.
- Model metal as thin cassettes with seams and cavity instead of volumetric boxes: add parameters panel_thickness = 0.002–0.004 m, return_depth = 0.02–0.04 m, seam_gap = 0.012–0.018 m, cavity_depth = 0.03–0.06 m. For each panel cell, create a planar surface on the XZ grid, offset for thickness, generate 25–40 mm edge returns (extrude edges along −Y by return_depth), and leave seam_gap between adjacent panels. Keep all panel depths at Y=0 to −cavity_depth; remove any scaling of Z.
- Add a readable subframe and optional image-driven perforation: create vertical rails at bay lines and horizontals at story lines at Y = −cavity_depth using subframe_spacing = 1.2 m centers, rail_width = 0.02–0.04 m, rail_depth = 0.03–0.05 m. Map reference-image grayscale per panel to perforation_diameter = 0.003–0.012 m or porosity, enforcing a 25 mm unperforated edge margin; apply variation to hole size/density, not to panel size.",1
R06_metal,3,metal,c:\Users\marcr\OneDrive\Documentos\00_MarcRibert\8_Programming\01_Github\MAS_LLM_Workshop_25\experiment_dms26_baseline\_reference_images\R06.jpg,c:\Users\marcr\OneDrive\Documentos\00_MarcRibert\8_Programming\01_Github\MAS_LLM_Workshop_25\experiment_dms26_baseline\R06_metal\03_render.png,1,3,2,2.0,design_modeling,"- Replace current grid_size, module_size, randomness with scale-anchored inputs and derived counts: building_width (m), building_height (m), story_height (3.3–3.9 m), bay_width (1.2–1.8 m). Compute nx = floor(building_width/bay_width) and nz = floor(building_height/story_height); snap panel grid to these datums so Z no longer varies randomly. Deprecate randomness; if variation is desired, apply it to perforation density, not panel extents.
- Model metal as thin cassettes with seams and cavity instead of volumetric boxes: add parameters panel_thickness = 0.002–0.004 m, return_depth = 0.02–0.04 m, seam_gap = 0.012–0.018 m, cavity_depth = 0.03–0.06 m. For each panel cell, create a planar surface on the XZ grid, offset for thickness, generate 25–40 mm edge returns (extrude edges along −Y by return_depth), and leave seam_gap between adjacent panels. Keep all panel depths at Y=0 to −cavity_depth; remove any scaling of Z.
- Add a readable subframe and optional image-driven perforation: create vertical rails at bay lines and horizontals at story lines at Y = −cavity_depth using subframe_spacing = 1.2 m centers, rail_width = 0.02–0.04 m, rail_depth = 0.03–0.05 m. Map reference-image grayscale per panel to perforation_diameter = 0.003–0.012 m or porosity, enforcing a 25 mm unperforated edge margin; apply variation to hole size/density, not to panel size.",1
R06_metal,4,metal,c:\Users\marcr\OneDrive\Documentos\00_MarcRibert\8_Programming\01_Github\MAS_LLM_Workshop_25\experiment_dms26_baseline\_reference_images\R06.jpg,c:\Users\marcr\OneDrive\Documentos\00_MarcRibert\8_Programming\01_Github\MAS_LLM_Workshop_25\experiment_dms26_baseline\R06_metal\04_render.png,1,3,2,2.0,design_modeling,"- Replace current grid_size, module_size, randomness with scale-anchored inputs and derived counts: building_width (m), building_height (m), story_height (3.3–3.9 m), bay_width (1.2–1.8 m). Compute nx = floor(building_width/bay_width) and nz = floor(building_height/story_height); snap panel grid to these datums so Z no longer varies randomly. Deprecate randomness; if variation is desired, apply it to perforation density, not panel extents.
- Model metal as thin cassettes with seams and cavity instead of volumetric boxes: add parameters panel_thickness = 0.002–0.004 m, return_depth = 0.02–0.04 m, seam_gap = 0.012–0.018 m, cavity_depth = 0.03–0.06 m. For each panel cell, create a planar surface on the XZ grid, offset for thickness, generate 25–40 mm edge returns (extrude edges along −Y by return_depth), and leave seam_gap between adjacent panels. Keep all panel depths at Y=0 to −cavity_depth; remove any scaling of Z.
- Add a readable subframe and optional image-driven perforation: create vertical rails at bay lines and horizontals at story lines at Y = −cavity_depth using subframe_spacing = 1.2 m centers, rail_width = 0.02–0.04 m, rail_depth = 0.03–0.05 m. Map reference-image grayscale per panel to perforation_diameter = 0.003–0.012 m or porosity, enforcing a 25 mm unperforated edge margin; apply variation to hole size/density, not to panel size.",1
R06_stone,0,stone,c:\Users\marcr\OneDrive\Documentos\00_MarcRibert\8_Programming\01_Github\MAS_LLM_Workshop_25\experiment_dms26_baseline\_reference_images\R06.jpg,c:\Users\marcr\OneDrive\Documentos\00_MarcRibert\8_Programming\01_Github\MAS_LLM_Workshop_25\experiment_dms26_baseline\R06_stone\00_render.png,1,2,1,1.33,design_concept,"Target the design_task_agent. Replace the vague brief with a stone‑specific, dimensioned task that a script can follow.

- Establish explicit facade and grid dimensions (defaults with valid ranges): facade_width W=18.0 m (15–21 m), stories=3; story_heights: ground=4.2 m (4.0–4.5), typical=3.3 m (3.0–3.4); plinth_height=0.6 m (0.5–0.7), cornice_zone=0.3 m (0.25–0.35); bays n_bays=6 (5–7) giving bay_width= W/n_bays; pier_width=0.45 m (0.40–0.50); opening_clear_width = bay_width − 2×pier_width; opening_clear_height: ground=2.8 m (2.6–2.9), typical=2.2 m (2.0–2.3); sill_height above floor: ground=0.9 m (0.85–1.0), typical=0.9 m (0.85–1.0); wall_thickness T=0.45 m (0.35–0.50). All dimensions on XZ (front) with Z as vertical.

- Fix the stone system as load‑bearing ashlar with coursing and joint rules: alternating course_heights = [0.20, 0.30] m; block_length_set = {0.40, 0.50, 0.60, 0.70, 0.80, 0.90} m; running bond with 0.5‑bay course stagger; horizontal_joint = 0.008 m, vertical_joint = 0.010 m; rusticated plinth for first 3 courses: boss_depth=0.025 m with 0.015 m margins; quoins at facade edges every course with alternating lengths 0.60/0.90 m and same course heights; lintels over openings: 2‑course deep ashlar lintel (lintel_depth=0.20 m), bearing_length=0.30 m past jamb each side, head_reveal_projection=0.03 m; sills: 0.10 m thick projecting 0.03 m; cornice via 2 corbel courses at top, max corbel_per_course=0.03 m (total 0.06 m) before a coping course of 0.08 m.

- Step‑by‑step modeling directives the script must implement: 1) Draw story lines at Z=0, ground_top, each typical top, and Z=total_height; 2) Lay out vertical bay grid (n_bays) and piers (pier_width), compute clear openings per story using sill/clear heights; 3) Populate the entire wall with ashlar courses using course_heights, place blocks from block_length_set with 0.5 stagger, enforce joint widths; 4) Trim courses at openings and insert lintel blocks per bearing rule; add sills at sill_height; 5) Apply rustication parameters to first 3 courses and quoin logic at both facade edges; 6) Form the cornice with two corbel courses and coping; 7) Extrude all stone geometry in +Y by wall_thickness T to encode mass, keeping the elevation view on XZ.",1
R06_stone,1,stone,c:\Users\marcr\OneDrive\Documentos\00_MarcRibert\8_Programming\01_Github\MAS_LLM_Workshop_25\experiment_dms26_baseline\_reference_images\R06.jpg,c:\Users\marcr\OneDrive\Documentos\00_MarcRibert\8_Programming\01_Github\MAS_LLM_Workshop_25\experiment_dms26_baseline\R06_stone\01_render.png,1,2,1,1.33,design_concept,"Target the design_task_agent. Replace the vague brief with a stone‑specific, dimensioned task that a script can follow.

- Establish explicit facade and grid dimensions (defaults with valid ranges): facade_width W=18.0 m (15–21 m), stories=3; story_heights: ground=4.2 m (4.0–4.5), typical=3.3 m (3.0–3.4); plinth_height=0.6 m (0.5–0.7), cornice_zone=0.3 m (0.25–0.35); bays n_bays=6 (5–7) giving bay_width= W/n_bays; pier_width=0.45 m (0.40–0.50); opening_clear_width = bay_width − 2×pier_width; opening_clear_height: ground=2.8 m (2.6–2.9), typical=2.2 m (2.0–2.3); sill_height above floor: ground=0.9 m (0.85–1.0), typical=0.9 m (0.85–1.0); wall_thickness T=0.45 m (0.35–0.50). All dimensions on XZ (front) with Z as vertical.

- Fix the stone system as load‑bearing ashlar with coursing and joint rules: alternating course_heights = [0.20, 0.30] m; block_length_set = {0.40, 0.50, 0.60, 0.70, 0.80, 0.90} m; running bond with 0.5‑bay course stagger; horizontal_joint = 0.008 m, vertical_joint = 0.010 m; rusticated plinth for first 3 courses: boss_depth=0.025 m with 0.015 m margins; quoins at facade edges every course with alternating lengths 0.60/0.90 m and same course heights; lintels over openings: 2‑course deep ashlar lintel (lintel_depth=0.20 m), bearing_length=0.30 m past jamb each side, head_reveal_projection=0.03 m; sills: 0.10 m thick projecting 0.03 m; cornice via 2 corbel courses at top, max corbel_per_course=0.03 m (total 0.06 m) before a coping course of 0.08 m.

- Step‑by‑step modeling directives the script must implement: 1) Draw story lines at Z=0, ground_top, each typical top, and Z=total_height; 2) Lay out vertical bay grid (n_bays) and piers (pier_width), compute clear openings per story using sill/clear heights; 3) Populate the entire wall with ashlar courses using course_heights, place blocks from block_length_set with 0.5 stagger, enforce joint widths; 4) Trim courses at openings and insert lintel blocks per bearing rule; add sills at sill_height; 5) Apply rustication parameters to first 3 courses and quoin logic at both facade edges; 6) Form the cornice with two corbel courses and coping; 7) Extrude all stone geometry in +Y by wall_thickness T to encode mass, keeping the elevation view on XZ.",1
R06_stone,2,stone,c:\Users\marcr\OneDrive\Documentos\00_MarcRibert\8_Programming\01_Github\MAS_LLM_Workshop_25\experiment_dms26_baseline\_reference_images\R06.jpg,c:\Users\marcr\OneDrive\Documentos\00_MarcRibert\8_Programming\01_Github\MAS_LLM_Workshop_25\experiment_dms26_baseline\R06_stone\02_render.png,1,2,1,1.33,design_concept,"Target the design_task_agent. Replace the vague brief with a stone‑specific, dimensioned task that a script can follow.

- Establish explicit facade and grid dimensions (defaults with valid ranges): facade_width W=18.0 m (15–21 m), stories=3; story_heights: ground=4.2 m (4.0–4.5), typical=3.3 m (3.0–3.4); plinth_height=0.6 m (0.5–0.7), cornice_zone=0.3 m (0.25–0.35); bays n_bays=6 (5–7) giving bay_width= W/n_bays; pier_width=0.45 m (0.40–0.50); opening_clear_width = bay_width − 2×pier_width; opening_clear_height: ground=2.8 m (2.6–2.9), typical=2.2 m (2.0–2.3); sill_height above floor: ground=0.9 m (0.85–1.0), typical=0.9 m (0.85–1.0); wall_thickness T=0.45 m (0.35–0.50). All dimensions on XZ (front) with Z as vertical.

- Fix the stone system as load‑bearing ashlar with coursing and joint rules: alternating course_heights = [0.20, 0.30] m; block_length_set = {0.40, 0.50, 0.60, 0.70, 0.80, 0.90} m; running bond with 0.5‑bay course stagger; horizontal_joint = 0.008 m, vertical_joint = 0.010 m; rusticated plinth for first 3 courses: boss_depth=0.025 m with 0.015 m margins; quoins at facade edges every course with alternating lengths 0.60/0.90 m and same course heights; lintels over openings: 2‑course deep ashlar lintel (lintel_depth=0.20 m), bearing_length=0.30 m past jamb each side, head_reveal_projection=0.03 m; sills: 0.10 m thick projecting 0.03 m; cornice via 2 corbel courses at top, max corbel_per_course=0.03 m (total 0.06 m) before a coping course of 0.08 m.

- Step‑by‑step modeling directives the script must implement: 1) Draw story lines at Z=0, ground_top, each typical top, and Z=total_height; 2) Lay out vertical bay grid (n_bays) and piers (pier_width), compute clear openings per story using sill/clear heights; 3) Populate the entire wall with ashlar courses using course_heights, place blocks from block_length_set with 0.5 stagger, enforce joint widths; 4) Trim courses at openings and insert lintel blocks per bearing rule; add sills at sill_height; 5) Apply rustication parameters to first 3 courses and quoin logic at both facade edges; 6) Form the cornice with two corbel courses and coping; 7) Extrude all stone geometry in +Y by wall_thickness T to encode mass, keeping the elevation view on XZ.",1
R06_stone,3,stone,c:\Users\marcr\OneDrive\Documentos\00_MarcRibert\8_Programming\01_Github\MAS_LLM_Workshop_25\experiment_dms26_baseline\_reference_images\R06.jpg,c:\Users\marcr\OneDrive\Documentos\00_MarcRibert\8_Programming\01_Github\MAS_LLM_Workshop_25\experiment_dms26_baseline\R06_stone\03_render.png,1,2,1,1.33,design_concept,"Target the design_task_agent. Replace the vague brief with a stone‑specific, dimensioned task that a script can follow.

- Establish explicit facade and grid dimensions (defaults with valid ranges): facade_width W=18.0 m (15–21 m), stories=3; story_heights: ground=4.2 m (4.0–4.5), typical=3.3 m (3.0–3.4); plinth_height=0.6 m (0.5–0.7), cornice_zone=0.3 m (0.25–0.35); bays n_bays=6 (5–7) giving bay_width= W/n_bays; pier_width=0.45 m (0.40–0.50); opening_clear_width = bay_width − 2×pier_width; opening_clear_height: ground=2.8 m (2.6–2.9), typical=2.2 m (2.0–2.3); sill_height above floor: ground=0.9 m (0.85–1.0), typical=0.9 m (0.85–1.0); wall_thickness T=0.45 m (0.35–0.50). All dimensions on XZ (front) with Z as vertical.

- Fix the stone system as load‑bearing ashlar with coursing and joint rules: alternating course_heights = [0.20, 0.30] m; block_length_set = {0.40, 0.50, 0.60, 0.70, 0.80, 0.90} m; running bond with 0.5‑bay course stagger; horizontal_joint = 0.008 m, vertical_joint = 0.010 m; rusticated plinth for first 3 courses: boss_depth=0.025 m with 0.015 m margins; quoins at facade edges every course with alternating lengths 0.60/0.90 m and same course heights; lintels over openings: 2‑course deep ashlar lintel (lintel_depth=0.20 m), bearing_length=0.30 m past jamb each side, head_reveal_projection=0.03 m; sills: 0.10 m thick projecting 0.03 m; cornice via 2 corbel courses at top, max corbel_per_course=0.03 m (total 0.06 m) before a coping course of 0.08 m.

- Step‑by‑step modeling directives the script must implement: 1) Draw story lines at Z=0, ground_top, each typical top, and Z=total_height; 2) Lay out vertical bay grid (n_bays) and piers (pier_width), compute clear openings per story using sill/clear heights; 3) Populate the entire wall with ashlar courses using course_heights, place blocks from block_length_set with 0.5 stagger, enforce joint widths; 4) Trim courses at openings and insert lintel blocks per bearing rule; add sills at sill_height; 5) Apply rustication parameters to first 3 courses and quoin logic at both facade edges; 6) Form the cornice with two corbel courses and coping; 7) Extrude all stone geometry in +Y by wall_thickness T to encode mass, keeping the elevation view on XZ.",1
R06_stone,4,stone,c:\Users\marcr\OneDrive\Documentos\00_MarcRibert\8_Programming\01_Github\MAS_LLM_Workshop_25\experiment_dms26_baseline\_reference_images\R06.jpg,c:\Users\marcr\OneDrive\Documentos\00_MarcRibert\8_Programming\01_Github\MAS_LLM_Workshop_25\experiment_dms26_baseline\R06_stone\04_render.png,1,2,1,1.33,design_concept,"Target the design_task_agent. Replace the vague brief with a stone‑specific, dimensioned task that a script can follow.

- Establish explicit facade and grid dimensions (defaults with valid ranges): facade_width W=18.0 m (15–21 m), stories=3; story_heights: ground=4.2 m (4.0–4.5), typical=3.3 m (3.0–3.4); plinth_height=0.6 m (0.5–0.7), cornice_zone=0.3 m (0.25–0.35); bays n_bays=6 (5–7) giving bay_width= W/n_bays; pier_width=0.45 m (0.40–0.50); opening_clear_width = bay_width − 2×pier_width; opening_clear_height: ground=2.8 m (2.6–2.9), typical=2.2 m (2.0–2.3); sill_height above floor: ground=0.9 m (0.85–1.0), typical=0.9 m (0.85–1.0); wall_thickness T=0.45 m (0.35–0.50). All dimensions on XZ (front) with Z as vertical.

- Fix the stone system as load‑bearing ashlar with coursing and joint rules: alternating course_heights = [0.20, 0.30] m; block_length_set = {0.40, 0.50, 0.60, 0.70, 0.80, 0.90} m; running bond with 0.5‑bay course stagger; horizontal_joint = 0.008 m, vertical_joint = 0.010 m; rusticated plinth for first 3 courses: boss_depth=0.025 m with 0.015 m margins; quoins at facade edges every course with alternating lengths 0.60/0.90 m and same course heights; lintels over openings: 2‑course deep ashlar lintel (lintel_depth=0.20 m), bearing_length=0.30 m past jamb each side, head_reveal_projection=0.03 m; sills: 0.10 m thick projecting 0.03 m; cornice via 2 corbel courses at top, max corbel_per_course=0.03 m (total 0.06 m) before a coping course of 0.08 m.

- Step‑by‑step modeling directives the script must implement: 1) Draw story lines at Z=0, ground_top, each typical top, and Z=total_height; 2) Lay out vertical bay grid (n_bays) and piers (pier_width), compute clear openings per story using sill/clear heights; 3) Populate the entire wall with ashlar courses using course_heights, place blocks from block_length_set with 0.5 stagger, enforce joint widths; 4) Trim courses at openings and insert lintel blocks per bearing rule; add sills at sill_height; 5) Apply rustication parameters to first 3 courses and quoin logic at both facade edges; 6) Form the cornice with two corbel courses and coping; 7) Extrude all stone geometry in +Y by wall_thickness T to encode mass, keeping the elevation view on XZ.",1
R06_timber,0,timber,c:\Users\marcr\OneDrive\Documentos\00_MarcRibert\8_Programming\01_Github\MAS_LLM_Workshop_25\experiment_dms26_baseline\_reference_images\R06.jpg,c:\Users\marcr\OneDrive\Documentos\00_MarcRibert\8_Programming\01_Github\MAS_LLM_Workshop_25\experiment_dms26_baseline\R06_timber\00_render.png,2,2,2,2.0,design_concept,"Target the design_task_agent. Refine the brief into a timber-specific, procedurally clear facade task with explicit dimensions, components, and rules:

- Envelope, axes, and bay logic: Define a 3-bay x 2-story facade on the XZ plane (X horizontal, Z vertical, Y depth). Set total width W=9.0 m, total height H=6.0 m, story_height S=3.0 m. Bay_width = W/3. Edge returns: 150 mm on both sides; top/bottom datum bands: 200 mm. Openings per bay: window 1.2 m (w) x 1.5 m (h) centered at 1.0 m sill; door in bay 1 at ground: 1.0 m (w) x 2.2 m (h). Provide param ranges: W 6–18 m, S 2.7–3.6 m, opening sizes ±20%.

- Timber system taxonomy with explicit sizes: Post-and-beam primary frame (posts 140x60 mm at 1.2 m o.c.; beams 140x80 mm at each story and head/sill), ventilated rainscreen subframe (vertical battens 40x60 mm at 300 mm o.c.) over a cavity_depth 25 mm, vertical cladding boards 18x120 mm with 8 mm reveal. Declare parameters: stud_spacing=1.2 m, batten_spacing=0.3 m, board_width=0.12 m, board_gap=0.008 m, cladding_thickness=0.018 m, frame_depth=0.06–0.08 m, cavity_depth=0.025 m. Rules: align battens to posts where possible; maintain continuous vertical board rhythm; express panel seams every 2.4 m height with staggered end joints.

- Step-by-step modeling instructions: 1) Lay out primary frame grid: posts at stud_spacing across W, beams at 0, S, and H; add 50 mm jamb wraps at edges. 2) Offset Y by cavity_depth and place battens at batten_spacing; snap first/last batten to jamb wraps. 3) Offset Y by cladding_thickness and array vertical boards across each bay: board module = board_width + board_gap; trim/remove boards within openings; wrap openings with 40 mm returns at jamb/sill/lintel. 4) Encode parameter bounds to avoid invalid outputs (e.g., board_gap 4–12 mm; board_width 90–160 mm; batten_spacing 200–400 mm; stud_spacing 600–1200 mm). 5) Output separate geometry sets: frame (posts/beams), subframe (battens), cladding (boards), opening wraps, so the render reads a clear timber tectonic hierarchy.",1
R06_timber,1,timber,c:\Users\marcr\OneDrive\Documentos\00_MarcRibert\8_Programming\01_Github\MAS_LLM_Workshop_25\experiment_dms26_baseline\_reference_images\R06.jpg,c:\Users\marcr\OneDrive\Documentos\00_MarcRibert\8_Programming\01_Github\MAS_LLM_Workshop_25\experiment_dms26_baseline\R06_timber\01_render.png,2,2,2,2.0,design_concept,"Target the design_task_agent. Refine the brief into a timber-specific, procedurally clear facade task with explicit dimensions, components, and rules:

- Envelope, axes, and bay logic: Define a 3-bay x 2-story facade on the XZ plane (X horizontal, Z vertical, Y depth). Set total width W=9.0 m, total height H=6.0 m, story_height S=3.0 m. Bay_width = W/3. Edge returns: 150 mm on both sides; top/bottom datum bands: 200 mm. Openings per bay: window 1.2 m (w) x 1.5 m (h) centered at 1.0 m sill; door in bay 1 at ground: 1.0 m (w) x 2.2 m (h). Provide param ranges: W 6–18 m, S 2.7–3.6 m, opening sizes ±20%.

- Timber system taxonomy with explicit sizes: Post-and-beam primary frame (posts 140x60 mm at 1.2 m o.c.; beams 140x80 mm at each story and head/sill), ventilated rainscreen subframe (vertical battens 40x60 mm at 300 mm o.c.) over a cavity_depth 25 mm, vertical cladding boards 18x120 mm with 8 mm reveal. Declare parameters: stud_spacing=1.2 m, batten_spacing=0.3 m, board_width=0.12 m, board_gap=0.008 m, cladding_thickness=0.018 m, frame_depth=0.06–0.08 m, cavity_depth=0.025 m. Rules: align battens to posts where possible; maintain continuous vertical board rhythm; express panel seams every 2.4 m height with staggered end joints.

- Step-by-step modeling instructions: 1) Lay out primary frame grid: posts at stud_spacing across W, beams at 0, S, and H; add 50 mm jamb wraps at edges. 2) Offset Y by cavity_depth and place battens at batten_spacing; snap first/last batten to jamb wraps. 3) Offset Y by cladding_thickness and array vertical boards across each bay: board module = board_width + board_gap; trim/remove boards within openings; wrap openings with 40 mm returns at jamb/sill/lintel. 4) Encode parameter bounds to avoid invalid outputs (e.g., board_gap 4–12 mm; board_width 90–160 mm; batten_spacing 200–400 mm; stud_spacing 600–1200 mm). 5) Output separate geometry sets: frame (posts/beams), subframe (battens), cladding (boards), opening wraps, so the render reads a clear timber tectonic hierarchy.",1
R06_timber,2,timber,c:\Users\marcr\OneDrive\Documentos\00_MarcRibert\8_Programming\01_Github\MAS_LLM_Workshop_25\experiment_dms26_baseline\_reference_images\R06.jpg,c:\Users\marcr\OneDrive\Documentos\00_MarcRibert\8_Programming\01_Github\MAS_LLM_Workshop_25\experiment_dms26_baseline\R06_timber\02_render.png,2,2,2,2.0,design_concept,"Target the design_task_agent. Refine the brief into a timber-specific, procedurally clear facade task with explicit dimensions, components, and rules:

- Envelope, axes, and bay logic: Define a 3-bay x 2-story facade on the XZ plane (X horizontal, Z vertical, Y depth). Set total width W=9.0 m, total height H=6.0 m, story_height S=3.0 m. Bay_width = W/3. Edge returns: 150 mm on both sides; top/bottom datum bands: 200 mm. Openings per bay: window 1.2 m (w) x 1.5 m (h) centered at 1.0 m sill; door in bay 1 at ground: 1.0 m (w) x 2.2 m (h). Provide param ranges: W 6–18 m, S 2.7–3.6 m, opening sizes ±20%.

- Timber system taxonomy with explicit sizes: Post-and-beam primary frame (posts 140x60 mm at 1.2 m o.c.; beams 140x80 mm at each story and head/sill), ventilated rainscreen subframe (vertical battens 40x60 mm at 300 mm o.c.) over a cavity_depth 25 mm, vertical cladding boards 18x120 mm with 8 mm reveal. Declare parameters: stud_spacing=1.2 m, batten_spacing=0.3 m, board_width=0.12 m, board_gap=0.008 m, cladding_thickness=0.018 m, frame_depth=0.06–0.08 m, cavity_depth=0.025 m. Rules: align battens to posts where possible; maintain continuous vertical board rhythm; express panel seams every 2.4 m height with staggered end joints.

- Step-by-step modeling instructions: 1) Lay out primary frame grid: posts at stud_spacing across W, beams at 0, S, and H; add 50 mm jamb wraps at edges. 2) Offset Y by cavity_depth and place battens at batten_spacing; snap first/last batten to jamb wraps. 3) Offset Y by cladding_thickness and array vertical boards across each bay: board module = board_width + board_gap; trim/remove boards within openings; wrap openings with 40 mm returns at jamb/sill/lintel. 4) Encode parameter bounds to avoid invalid outputs (e.g., board_gap 4–12 mm; board_width 90–160 mm; batten_spacing 200–400 mm; stud_spacing 600–1200 mm). 5) Output separate geometry sets: frame (posts/beams), subframe (battens), cladding (boards), opening wraps, so the render reads a clear timber tectonic hierarchy.",1
R06_timber,3,timber,c:\Users\marcr\OneDrive\Documentos\00_MarcRibert\8_Programming\01_Github\MAS_LLM_Workshop_25\experiment_dms26_baseline\_reference_images\R06.jpg,c:\Users\marcr\OneDrive\Documentos\00_MarcRibert\8_Programming\01_Github\MAS_LLM_Workshop_25\experiment_dms26_baseline\R06_timber\03_render.png,2,2,2,2.0,design_concept,"Target the design_task_agent. Refine the brief into a timber-specific, procedurally clear facade task with explicit dimensions, components, and rules:

- Envelope, axes, and bay logic: Define a 3-bay x 2-story facade on the XZ plane (X horizontal, Z vertical, Y depth). Set total width W=9.0 m, total height H=6.0 m, story_height S=3.0 m. Bay_width = W/3. Edge returns: 150 mm on both sides; top/bottom datum bands: 200 mm. Openings per bay: window 1.2 m (w) x 1.5 m (h) centered at 1.0 m sill; door in bay 1 at ground: 1.0 m (w) x 2.2 m (h). Provide param ranges: W 6–18 m, S 2.7–3.6 m, opening sizes ±20%.

- Timber system taxonomy with explicit sizes: Post-and-beam primary frame (posts 140x60 mm at 1.2 m o.c.; beams 140x80 mm at each story and head/sill), ventilated rainscreen subframe (vertical battens 40x60 mm at 300 mm o.c.) over a cavity_depth 25 mm, vertical cladding boards 18x120 mm with 8 mm reveal. Declare parameters: stud_spacing=1.2 m, batten_spacing=0.3 m, board_width=0.12 m, board_gap=0.008 m, cladding_thickness=0.018 m, frame_depth=0.06–0.08 m, cavity_depth=0.025 m. Rules: align battens to posts where possible; maintain continuous vertical board rhythm; express panel seams every 2.4 m height with staggered end joints.

- Step-by-step modeling instructions: 1) Lay out primary frame grid: posts at stud_spacing across W, beams at 0, S, and H; add 50 mm jamb wraps at edges. 2) Offset Y by cavity_depth and place battens at batten_spacing; snap first/last batten to jamb wraps. 3) Offset Y by cladding_thickness and array vertical boards across each bay: board module = board_width + board_gap; trim/remove boards within openings; wrap openings with 40 mm returns at jamb/sill/lintel. 4) Encode parameter bounds to avoid invalid outputs (e.g., board_gap 4–12 mm; board_width 90–160 mm; batten_spacing 200–400 mm; stud_spacing 600–1200 mm). 5) Output separate geometry sets: frame (posts/beams), subframe (battens), cladding (boards), opening wraps, so the render reads a clear timber tectonic hierarchy.",1
R06_timber,4,timber,c:\Users\marcr\OneDrive\Documentos\00_MarcRibert\8_Programming\01_Github\MAS_LLM_Workshop_25\experiment_dms26_baseline\_reference_images\R06.jpg,c:\Users\marcr\OneDrive\Documentos\00_MarcRibert\8_Programming\01_Github\MAS_LLM_Workshop_25\experiment_dms26_baseline\R06_timber\04_render.png,2,2,2,2.0,design_concept,"Target the design_task_agent. Refine the brief into a timber-specific, procedurally clear facade task with explicit dimensions, components, and rules:

- Envelope, axes, and bay logic: Define a 3-bay x 2-story facade on the XZ plane (X horizontal, Z vertical, Y depth). Set total width W=9.0 m, total height H=6.0 m, story_height S=3.0 m. Bay_width = W/3. Edge returns: 150 mm on both sides; top/bottom datum bands: 200 mm. Openings per bay: window 1.2 m (w) x 1.5 m (h) centered at 1.0 m sill; door in bay 1 at ground: 1.0 m (w) x 2.2 m (h). Provide param ranges: W 6–18 m, S 2.7–3.6 m, opening sizes ±20%.

- Timber system taxonomy with explicit sizes: Post-and-beam primary frame (posts 140x60 mm at 1.2 m o.c.; beams 140x80 mm at each story and head/sill), ventilated rainscreen subframe (vertical battens 40x60 mm at 300 mm o.c.) over a cavity_depth 25 mm, vertical cladding boards 18x120 mm with 8 mm reveal. Declare parameters: stud_spacing=1.2 m, batten_spacing=0.3 m, board_width=0.12 m, board_gap=0.008 m, cladding_thickness=0.018 m, frame_depth=0.06–0.08 m, cavity_depth=0.025 m. Rules: align battens to posts where possible; maintain continuous vertical board rhythm; express panel seams every 2.4 m height with staggered end joints.

- Step-by-step modeling instructions: 1) Lay out primary frame grid: posts at stud_spacing across W, beams at 0, S, and H; add 50 mm jamb wraps at edges. 2) Offset Y by cavity_depth and place battens at batten_spacing; snap first/last batten to jamb wraps. 3) Offset Y by cladding_thickness and array vertical boards across each bay: board module = board_width + board_gap; trim/remove boards within openings; wrap openings with 40 mm returns at jamb/sill/lintel. 4) Encode parameter bounds to avoid invalid outputs (e.g., board_gap 4–12 mm; board_width 90–160 mm; batten_spacing 200–400 mm; stud_spacing 600–1200 mm). 5) Output separate geometry sets: frame (posts/beams), subframe (battens), cladding (boards), opening wraps, so the render reads a clear timber tectonic hierarchy.",1
